{
    "__comment": "This model was created with freundTech's Blender2Minecraft converter (BETA)",
    "ambientocclusion": false,
    "textures": {
        "door_acacia_upper": "blocks/door_acacia_upper",
        "particle": "blocks/door_acacia_upper"
    },
    "elements": [
        {   "__comment": "Elem_0",
            "from": [ 0.5, 10.5, 9.0 ],
            "to": [ 1.0, 14.5, 11.5 ],
            "faces": {
                "west": { "uv": [ 11.5, 1.5, 9.0, 5.5 ], "texture": "#door_acacia_upper", "rotation": 0 },
                "north": { "uv": [ 0.5, 12.0, 1.0, 15.0 ], "texture": "#door_acacia_upper", "rotation": 180 },
                "east": { "uv": [ 9.0, 1.5, 11.5, 5.5 ], "texture": "#door_acacia_upper", "rotation": 0 },
                "south": { "uv": [ 0.5, 12.0, 1.0, 15.0 ], "texture": "#door_acacia_upper", "rotation": 180 },
                "down": { "uv": [ -0.0, 14.5, 3.5, 15.0 ], "texture": "#door_acacia_upper", "rotation": 270 },
                "up": { "uv": [ 0.0, 12.0, 3.5, 12.5 ], "texture": "#door_acacia_upper", "rotation": 270 }
            }
        },
        {   "__comment": "Elem_0",
            "from": [ 0.5, 0.5, 9.0 ],
            "to": [ 1.0, 10.5, 12.0 ],
            "faces": {
                "west": { "uv": [ 12.0, 5.5, 9.0, 15.5 ], "texture": "#door_acacia_upper", "rotation": 0 },
                "north": { "uv": [ 0.5, 12.0, 1.0, 15.0 ], "texture": "#door_acacia_upper", "rotation": 180 },
                "east": { "uv": [ 9.0, 5.5, 12.0, 15.5 ], "texture": "#door_acacia_upper", "rotation": 0 },
                "south": { "uv": [ 0.5, 12.0, 1.0, 15.0 ], "texture": "#door_acacia_upper", "rotation": 180 },
                "down": { "uv": [ -0.0, 14.5, 3.5, 15.0 ], "texture": "#door_acacia_upper", "rotation": 270 },
                "up": { "uv": [ 0.0, 12.0, 3.5, 12.5 ], "texture": "#door_acacia_upper", "rotation": 270 }
            }
        },
        {   "__comment": "Elem_0",
            "from": [ 0.5, 15.43, 13.5 ],
            "to": [ 1.0, 16.0, 16.0 ],
            "faces": {
                "west": { "uv": [ 16.0, 0.0, 13.5, 0.5 ], "texture": "#door_acacia_upper", "rotation": 0 },
                "north": { "uv": [ 0.5, 12.0, 1.0, 15.0 ], "texture": "#door_acacia_upper", "rotation": 180 },
                "east": { "uv": [ 13.5, 0.0, 16.0, 0.5 ], "texture": "#door_acacia_upper", "rotation": 0 },
                "south": { "uv": [ 0.5, 12.0, 1.0, 15.0 ], "texture": "#door_acacia_upper", "rotation": 180 },
                "down": { "uv": [ -0.0, 14.5, 3.5, 15.0 ], "texture": "#door_acacia_upper", "rotation": 270 },
                "up": { "uv": [ 0.0, 12.0, 3.5, 12.5 ], "texture": "#door_acacia_upper", "rotation": 270 }
            }
        },
        {   "__comment": "Elem_0",
            "from": [ 0.5, 0.0, 12.5 ],
            "to": [ 1.0, 15.0, 16.0 ],
            "faces": {
                "west": { "uv": [ 16.0, 1.0, 12.5, 16.0 ], "texture": "#door_acacia_upper", "rotation": 0 },
                "north": { "uv": [ 0.5, 12.0, 1.0, 15.0 ], "texture": "#door_acacia_upper", "rotation": 180 },
                "east": { "uv": [ 12.5, 1.0, 16.0, 16.0 ], "texture": "#door_acacia_upper", "rotation": 0 },
                "south": { "uv": [ 0.5, 12.0, 1.0, 15.0 ], "texture": "#door_acacia_upper", "rotation": 180 },
                "down": { "uv": [ -0.0, 14.5, 3.5, 15.0 ], "texture": "#door_acacia_upper", "rotation": 270 },
                "up": { "uv": [ 0.0, 12.0, 3.5, 12.5 ], "texture": "#door_acacia_upper", "rotation": 270 }
            }
        },
        {   "__comment": "Elem_0",
            "from": [ 0.5, 15.5, 5.5 ],
            "to": [ 1.0, 16.0, 7.5 ],
            "faces": {
                "west": { "uv": [ 7.5, 0.0, 5.5, 0.5 ], "texture": "#door_acacia_upper", "rotation": 0 },
                "north": { "uv": [ 0.5, 12.0, 1.0, 15.0 ], "texture": "#door_acacia_upper", "rotation": 180 },
                "east": { "uv": [ 5.5, 0.0, 7.5, 0.5 ], "texture": "#door_acacia_upper", "rotation": 0 },
                "south": { "uv": [ 0.5, 12.0, 1.0, 15.0 ], "texture": "#door_acacia_upper", "rotation": 180 },
                "down": { "uv": [ -0.0, 14.5, 3.5, 15.0 ], "texture": "#door_acacia_upper", "rotation": 270 },
                "up": { "uv": [ 0.0, 12.0, 3.5, 12.5 ], "texture": "#door_acacia_upper", "rotation": 270 }
            }
        },
        {   "__comment": "Elem_0",
            "from": [ 0.5, 7.5, 5.0 ],
            "to": [ 1.0, 15.5, 8.0 ],
            "faces": {
                "west": { "uv": [ 8.0, 0.5, 5.0, 8.5 ], "texture": "#door_acacia_upper", "rotation": 0 },
                "north": { "uv": [ 0.5, 12.0, 1.0, 15.0 ], "texture": "#door_acacia_upper", "rotation": 180 },
                "east": { "uv": [ 5.0, 0.5, 8.0, 8.5 ], "texture": "#door_acacia_upper", "rotation": 0 },
                "south": { "uv": [ 0.5, 12.0, 1.0, 15.0 ], "texture": "#door_acacia_upper", "rotation": 180 },
                "down": { "uv": [ -0.0, 14.5, 3.5, 15.0 ], "texture": "#door_acacia_upper", "rotation": 270 },
                "up": { "uv": [ 0.0, 12.0, 3.5, 12.5 ], "texture": "#door_acacia_upper", "rotation": 270 }
            }
        },
        {   "__comment": "Elem_0",
            "from": [ 0.5, 0.5, 5.0 ],
            "to": [ 1.0, 7.5, 7.5 ],
            "faces": {
                "west": { "uv": [ 7.5, 8.5, 5.0, 15.5 ], "texture": "#door_acacia_upper", "rotation": 0 },
                "north": { "uv": [ 0.5, 12.0, 1.0, 15.0 ], "texture": "#door_acacia_upper", "rotation": 180 },
                "east": { "uv": [ 5.0, 8.5, 7.5, 15.5 ], "texture": "#door_acacia_upper", "rotation": 0 },
                "south": { "uv": [ 0.5, 12.0, 1.0, 15.0 ], "texture": "#door_acacia_upper", "rotation": 180 },
                "down": { "uv": [ -0.0, 14.5, 3.5, 15.0 ], "texture": "#door_acacia_upper", "rotation": 270 },
                "up": { "uv": [ 0.0, 12.0, 3.5, 12.5 ], "texture": "#door_acacia_upper", "rotation": 270 }
            }
        },
        {   "__comment": "Elem_0",
            "from": [ 0.5, 0.0, 4.5 ],
            "to": [ 1.0, 0.5, 7.5 ],
            "faces": {
                "west": { "uv": [ 7.5, 15.5, 4.5, 16.0 ], "texture": "#door_acacia_upper", "rotation": 0 },
                "north": { "uv": [ 0.5, 12.0, 1.0, 15.0 ], "texture": "#door_acacia_upper", "rotation": 180 },
                "east": { "uv": [ 3.5, 13.5, 6.5, 16.0 ], "texture": "#door_acacia_upper", "rotation": 0 },
                "south": { "uv": [ 0.5, 12.0, 1.0, 15.0 ], "texture": "#door_acacia_upper", "rotation": 180 },
                "down": { "uv": [ -0.0, 14.5, 3.5, 15.0 ], "texture": "#door_acacia_upper", "rotation": 270 },
                "up": { "uv": [ 0.0, 12.0, 3.5, 12.5 ], "texture": "#door_acacia_upper", "rotation": 270 }
            }
        },
        {   "__comment": "Elem_0",
            "from": [ 0.5, 15.5, 0.0 ],
            "to": [ 1.0, 16.0, 2.5 ],
            "faces": {
                "west": { "uv": [ 2.5, 0.0, 0.0, 0.5 ], "texture": "#door_acacia_upper", "rotation": 0 },
                "north": { "uv": [ 0.5, 12.0, 1.0, 15.0 ], "texture": "#door_acacia_upper", "rotation": 180 },
                "east": { "uv": [ 0.0, 0.0, 2.5, 0.5 ], "texture": "#door_acacia_upper", "rotation": 0 },
                "south": { "uv": [ 0.5, 12.0, 1.0, 15.0 ], "texture": "#door_acacia_upper", "rotation": 180 },
                "down": { "uv": [ -0.0, 14.5, 3.5, 15.0 ], "texture": "#door_acacia_upper", "rotation": 270 },
                "up": { "uv": [ 0.0, 12.0, 3.5, 12.5 ], "texture": "#door_acacia_upper", "rotation": 270 }
            }
        },
        {   "__comment": "Elem_0",
            "from": [ 0.5, 0.0, 0.0 ],
            "to": [ 1.0, 14.5, 3.5 ],
            "faces": {
                "west": { "uv": [ 3.5, 1.5, 0.0, 16.0 ], "texture": "#door_acacia_upper", "rotation": 0 },
                "north": { "uv": [ 0.5, 12.0, 1.0, 15.0 ], "texture": "#door_acacia_upper", "rotation": 180 },
                "east": { "uv": [ 0.0, 1.5, 3.5, 16.0 ], "texture": "#door_acacia_upper", "rotation": 0 },
                "south": { "uv": [ 0.5, 12.0, 1.0, 15.0 ], "texture": "#door_acacia_upper", "rotation": 180 },
                "down": { "uv": [ -0.0, 14.5, 3.5, 15.0 ], "texture": "#door_acacia_upper", "rotation": 270 },
                "up": { "uv": [ 0.0, 12.0, 3.5, 12.5 ], "texture": "#door_acacia_upper", "rotation": 270 }
            }
        },
        {   "__comment": "Elem_0",
            "from": [ 1.0, 0.0, 0.0 ],
            "to": [ 1.5, 2.0, 16.0 ],
            "faces": {
                "west": { "uv": [ 16.0, 14.0, 0.0, 16.0 ], "texture": "#door_acacia_upper", "rotation": 0 },
                "north": { "uv": [ 0.5, 12.0, 1.0, 15.0 ], "texture": "#door_acacia_upper", "rotation": 180 },
                "east": { "uv": [ 0.0, 14.0, 16.0, 16.0 ], "texture": "#door_acacia_upper", "rotation": 0 },
                "south": { "uv": [ 0.5, 12.0, 1.0, 15.0 ], "texture": "#door_acacia_upper", "rotation": 180 },
                "down": { "uv": [ 0.0, 15.5, 16.0, 16.0 ], "texture": "#door_acacia_upper", "rotation": 270 },
                "up": { "uv": [ 0.0, 14.0, 16.0, 14.5 ], "texture": "#door_acacia_upper", "rotation": 270 }
            }
        },
        {   "__comment": "Elem_0",
            "from": [ 1.0, 12.0, 0.0 ],
            "to": [ 1.5, 15.0, 16.0 ],
            "faces": {
                "west": { "uv": [ 16.0, 1.0, 0.0, 4.0 ], "texture": "#door_acacia_upper", "rotation": 0 },
                "north": { "uv": [ 0.5, 12.0, 1.0, 15.0 ], "texture": "#door_acacia_upper", "rotation": 180 },
                "east": { "uv": [ 0.0, 1.0, 16.0, 4.0 ], "texture": "#door_acacia_upper", "rotation": 0 },
                "south": { "uv": [ 0.5, 12.0, 1.0, 15.0 ], "texture": "#door_acacia_upper", "rotation": 180 },
                "down": { "uv": [ 0.0, 3.5, 16.0, 4.0 ], "texture": "#door_acacia_upper", "rotation": 270 },
                "up": { "uv": [ 0.0, 1.0, 16.0, 1.5 ], "texture": "#door_acacia_upper", "rotation": 270 }
            }
        },
        {   "__comment": "Elem_0",
            "from": [ 0.5, 14.5, 0.0 ],
            "to": [ 1.0, 15.5, 3.0 ],
            "faces": {
                "west": { "uv": [ 3.0, 0.5, 0.0, 1.5 ], "texture": "#door_acacia_upper", "rotation": 0 },
                "north": { "uv": [ 0.5, 12.0, 1.0, 15.0 ], "texture": "#door_acacia_upper", "rotation": 180 },
                "east": { "uv": [ 0.0, 0.5, 3.0, 1.5 ], "texture": "#door_acacia_upper", "rotation": 0 },
                "south": { "uv": [ 0.5, 12.0, 1.0, 15.0 ], "texture": "#door_acacia_upper", "rotation": 180 },
                "down": { "uv": [ -0.0, 14.5, 3.5, 15.0 ], "texture": "#door_acacia_upper", "rotation": 270 },
                "up": { "uv": [ 0.0, 12.0, 3.5, 12.5 ], "texture": "#door_acacia_upper", "rotation": 270 }
            }
        },
        {   "__comment": "Elem_0",
            "from": [ 0.49, 14.96, 13.0 ],
            "to": [ 0.99, 15.46, 16.0 ],
            "faces": {
                "west": { "uv": [ 16.0, 0.5, 13.0, 1.0 ], "texture": "#door_acacia_upper", "rotation": 0 },
                "north": { "uv": [ 0.5, 12.0, 1.0, 15.0 ], "texture": "#door_acacia_upper", "rotation": 180 },
                "east": { "uv": [ 13.0, 0.5, 16.0, 1.0 ], "texture": "#door_acacia_upper", "rotation": 0 },
                "south": { "uv": [ 0.5, 12.0, 1.0, 15.0 ], "texture": "#door_acacia_upper", "rotation": 180 },
                "down": { "uv": [ -0.0, 14.5, 3.5, 15.0 ], "texture": "#door_acacia_upper", "rotation": 270 },
                "up": { "uv": [ 0.0, 12.0, 3.5, 12.5 ], "texture": "#door_acacia_upper", "rotation": 270 }
            }
        },
        {   "__comment": "Elem_0",
            "from": [ 0.5, 0.0, 8.5 ],
            "to": [ 1.0, 0.5, 12.0 ],
            "faces": {
                "west": { "uv": [ 12.0, 15.5, 8.5, 16.0 ], "texture": "#door_acacia_upper", "rotation": 0 },
                "north": { "uv": [ 0.5, 12.0, 1.0, 15.0 ], "texture": "#door_acacia_upper", "rotation": 180 },
                "east": { "uv": [ 3.5, 13.5, 6.5, 16.0 ], "texture": "#door_acacia_upper", "rotation": 0 },
                "south": { "uv": [ 0.5, 12.0, 1.0, 15.0 ], "texture": "#door_acacia_upper", "rotation": 180 },
                "down": { "uv": [ -0.0, 14.5, 3.5, 15.0 ], "texture": "#door_acacia_upper", "rotation": 270 },
                "up": { "uv": [ 0.0, 12.0, 3.5, 12.5 ], "texture": "#door_acacia_upper", "rotation": 270 }
            }
        },
        {   "__comment": "Elem_0",
            "from": [ 0.5, 14.49, 8.5 ],
            "to": [ 1.0, 15.53, 11.0 ],
            "faces": {
                "west": { "uv": [ 11.0, 0.5, 8.5, 1.5 ], "texture": "#door_acacia_upper", "rotation": 0 },
                "north": { "uv": [ 0.5, 12.0, 1.0, 15.0 ], "texture": "#door_acacia_upper", "rotation": 180 },
                "east": { "uv": [ 8.5, 0.5, 11.0, 1.5 ], "texture": "#door_acacia_upper", "rotation": 0 },
                "south": { "uv": [ 0.5, 12.0, 1.0, 15.0 ], "texture": "#door_acacia_upper", "rotation": 180 },
                "down": { "uv": [ -0.0, 14.5, 3.5, 15.0 ], "texture": "#door_acacia_upper", "rotation": 270 },
                "up": { "uv": [ 0.0, 12.0, 3.5, 12.5 ], "texture": "#door_acacia_upper", "rotation": 270 }
            }
        },
        {   "__comment": "Elem_0",
            "from": [ 0.5, 15.5, 8.5 ],
            "to": [ 1.0, 16.0, 10.5 ],
            "faces": {
                "west": { "uv": [ 10.5, 0.0, 8.5, 0.5 ], "texture": "#door_acacia_upper", "rotation": 0 },
                "north": { "uv": [ 0.5, 12.0, 1.0, 15.0 ], "texture": "#door_acacia_upper", "rotation": 180 },
                "east": { "uv": [ 8.5, 0.0, 10.5, 0.5 ], "texture": "#door_acacia_upper", "rotation": 0 },
                "south": { "uv": [ 0.5, 12.0, 1.0, 15.0 ], "texture": "#door_acacia_upper", "rotation": 180 },
                "down": { "uv": [ -0.0, 14.5, 3.5, 15.0 ], "texture": "#door_acacia_upper", "rotation": 270 },
                "up": { "uv": [ 0.0, 12.0, 3.5, 12.5 ], "texture": "#door_acacia_upper", "rotation": 270 }
            }
        },
        {   "__comment": "Elem_0",
            "from": [ 1.5, 14.5, 0.0 ],
            "to": [ 2.0, 15.5, 3.0 ],
            "faces": {
                "west": { "uv": [ 3.0, 0.5, 0.0, 1.5 ], "texture": "#door_acacia_upper", "rotation": 0 },
                "north": { "uv": [ 0.5, 12.0, 1.0, 15.0 ], "texture": "#door_acacia_upper", "rotation": 180 },
                "east": { "uv": [ 0.0, 0.5, 3.0, 1.5 ], "texture": "#door_acacia_upper", "rotation": 0 },
                "south": { "uv": [ 0.5, 12.0, 1.0, 15.0 ], "texture": "#door_acacia_upper", "rotation": 180 },
                "down": { "uv": [ -0.0, 14.5, 3.5, 15.0 ], "texture": "#door_acacia_upper", "rotation": 270 },
                "up": { "uv": [ 0.0, 12.0, 3.5, 12.5 ], "texture": "#door_acacia_upper", "rotation": 270 }
            }
        },
        {   "__comment": "Elem_0",
            "from": [ 1.5, 0.0, 0.0 ],
            "to": [ 2.0, 14.5, 3.5 ],
            "faces": {
                "west": { "uv": [ 3.5, 1.5, 0.0, 16.0 ], "texture": "#door_acacia_upper", "rotation": 0 },
                "north": { "uv": [ 0.5, 12.0, 1.0, 15.0 ], "texture": "#door_acacia_upper", "rotation": 180 },
                "east": { "uv": [ 0.0, 1.5, 3.5, 16.0 ], "texture": "#door_acacia_upper", "rotation": 0 },
                "south": { "uv": [ 0.5, 12.0, 1.0, 15.0 ], "texture": "#door_acacia_upper", "rotation": 180 },
                "down": { "uv": [ -0.0, 14.5, 3.5, 15.0 ], "texture": "#door_acacia_upper", "rotation": 270 },
                "up": { "uv": [ 0.0, 12.0, 3.5, 12.5 ], "texture": "#door_acacia_upper", "rotation": 270 }
            }
        },
        {   "__comment": "Elem_0",
            "from": [ 1.5, 15.5, 0.0 ],
            "to": [ 2.0, 16.0, 2.5 ],
            "faces": {
                "west": { "uv": [ 2.5, 0.0, 0.0, 0.5 ], "texture": "#door_acacia_upper", "rotation": 0 },
                "north": { "uv": [ 0.5, 12.0, 1.0, 15.0 ], "texture": "#door_acacia_upper", "rotation": 180 },
                "east": { "uv": [ 0.0, 0.0, 2.5, 0.5 ], "texture": "#door_acacia_upper", "rotation": 0 },
                "south": { "uv": [ 0.5, 12.0, 1.0, 15.0 ], "texture": "#door_acacia_upper", "rotation": 180 },
                "down": { "uv": [ -0.0, 14.5, 3.5, 15.0 ], "texture": "#door_acacia_upper", "rotation": 270 },
                "up": { "uv": [ 0.0, 12.0, 3.5, 12.5 ], "texture": "#door_acacia_upper", "rotation": 270 }
            }
        },
        {   "__comment": "Elem_0",
            "from": [ 1.49, 14.96, 13.0 ],
            "to": [ 1.99, 15.46, 16.0 ],
            "faces": {
                "west": { "uv": [ 16.0, 0.5, 13.0, 1.0 ], "texture": "#door_acacia_upper", "rotation": 0 },
                "north": { "uv": [ 0.5, 12.0, 1.0, 15.0 ], "texture": "#door_acacia_upper", "rotation": 180 },
                "east": { "uv": [ 13.0, 0.5, 16.0, 1.0 ], "texture": "#door_acacia_upper", "rotation": 0 },
                "south": { "uv": [ 0.5, 12.0, 1.0, 15.0 ], "texture": "#door_acacia_upper", "rotation": 180 },
                "down": { "uv": [ -0.0, 14.5, 3.5, 15.0 ], "texture": "#door_acacia_upper", "rotation": 270 },
                "up": { "uv": [ 0.0, 12.0, 3.5, 12.5 ], "texture": "#door_acacia_upper", "rotation": 270 }
            }
        },
        {   "__comment": "Elem_0",
            "from": [ 1.5, 0.0, 9.0 ],
            "to": [ 2.0, 0.5, 12.0 ],
            "faces": {
                "west": { "uv": [ 7.5, 15.5, 4.5, 16.0 ], "texture": "#door_acacia_upper", "rotation": 0 },
                "north": { "uv": [ 0.5, 12.0, 1.0, 15.0 ], "texture": "#door_acacia_upper", "rotation": 180 },
                "east": { "uv": [ 4.5, 15.5, 7.5, 16.0 ], "texture": "#door_acacia_upper", "rotation": 0 },
                "south": { "uv": [ 0.5, 12.0, 1.0, 15.0 ], "texture": "#door_acacia_upper", "rotation": 180 },
                "down": { "uv": [ -0.0, 14.5, 3.5, 15.0 ], "texture": "#door_acacia_upper", "rotation": 270 },
                "up": { "uv": [ 0.0, 12.0, 3.5, 12.5 ], "texture": "#door_acacia_upper", "rotation": 270 }
            }
        },
        {   "__comment": "Elem_0",
            "from": [ 1.5, 0.5, 9.5 ],
            "to": [ 2.0, 7.5, 12.0 ],
            "faces": {
                "west": { "uv": [ 7.5, 8.5, 5.0, 15.5 ], "texture": "#door_acacia_upper", "rotation": 0 },
                "north": { "uv": [ 0.5, 12.0, 1.0, 15.0 ], "texture": "#door_acacia_upper", "rotation": 180 },
                "east": { "uv": [ 5.0, 8.5, 7.5, 15.5 ], "texture": "#door_acacia_upper", "rotation": 0 },
                "south": { "uv": [ 0.5, 12.0, 1.0, 15.0 ], "texture": "#door_acacia_upper", "rotation": 180 },
                "down": { "uv": [ -0.0, 14.5, 3.5, 15.0 ], "texture": "#door_acacia_upper", "rotation": 270 },
                "up": { "uv": [ 0.0, 12.0, 3.5, 12.5 ], "texture": "#door_acacia_upper", "rotation": 270 }
            }
        },
        {   "__comment": "Elem_0",
            "from": [ 1.5, 7.5, 9.5 ],
            "to": [ 2.0, 15.5, 12.5 ],
            "faces": {
                "west": { "uv": [ 8.0, 0.5, 5.0, 8.5 ], "texture": "#door_acacia_upper", "rotation": 0 },
                "north": { "uv": [ 0.5, 12.0, 1.0, 15.0 ], "texture": "#door_acacia_upper", "rotation": 180 },
                "east": { "uv": [ 5.0, 0.5, 8.0, 8.5 ], "texture": "#door_acacia_upper", "rotation": 0 },
                "south": { "uv": [ 0.5, 12.0, 1.0, 15.0 ], "texture": "#door_acacia_upper", "rotation": 180 },
                "down": { "uv": [ -0.0, 14.5, 3.5, 15.0 ], "texture": "#door_acacia_upper", "rotation": 270 },
                "up": { "uv": [ 0.0, 12.0, 3.5, 12.5 ], "texture": "#door_acacia_upper", "rotation": 270 }
            }
        },
        {   "__comment": "Elem_0",
            "from": [ 1.5, 15.5, 10.0 ],
            "to": [ 2.0, 16.0, 12.0 ],
            "faces": {
                "west": { "uv": [ 7.5, 0.0, 5.5, 0.5 ], "texture": "#door_acacia_upper", "rotation": 0 },
                "north": { "uv": [ 0.5, 12.0, 1.0, 15.0 ], "texture": "#door_acacia_upper", "rotation": 180 },
                "east": { "uv": [ 5.5, 0.0, 7.5, 0.5 ], "texture": "#door_acacia_upper", "rotation": 0 },
                "south": { "uv": [ 0.5, 12.0, 1.0, 15.0 ], "texture": "#door_acacia_upper", "rotation": 180 },
                "down": { "uv": [ -0.0, 14.5, 3.5, 15.0 ], "texture": "#door_acacia_upper", "rotation": 270 },
                "up": { "uv": [ 0.0, 12.0, 3.5, 12.5 ], "texture": "#door_acacia_upper", "rotation": 270 }
            }
        },
        {   "__comment": "Elem_0",
            "from": [ 1.5, 0.0, 4.0 ],
            "to": [ 2.0, 0.5, 7.5 ],
            "faces": {
                "west": { "uv": [ 12.0, 15.5, 8.5, 16.0 ], "texture": "#door_acacia_upper", "rotation": 0 },
                "north": { "uv": [ 0.5, 12.0, 1.0, 15.0 ], "texture": "#door_acacia_upper", "rotation": 180 },
                "east": { "uv": [ 8.5, 15.5, 12.0, 16.0 ], "texture": "#door_acacia_upper", "rotation": 0 },
                "south": { "uv": [ 0.5, 12.0, 1.0, 15.0 ], "texture": "#door_acacia_upper", "rotation": 180 },
                "down": { "uv": [ -0.0, 14.5, 3.5, 15.0 ], "texture": "#door_acacia_upper", "rotation": 270 },
                "up": { "uv": [ 0.0, 12.0, 3.5, 12.5 ], "texture": "#door_acacia_upper", "rotation": 270 }
            }
        },
        {   "__comment": "Elem_0",
            "from": [ 1.5, 14.49, 4.0 ],
            "to": [ 2.0, 15.53, 6.5 ],
            "faces": {
                "west": { "uv": [ 11.0, 0.5, 8.5, 1.5 ], "texture": "#door_acacia_upper", "rotation": 0 },
                "north": { "uv": [ 0.5, 12.0, 1.0, 15.0 ], "texture": "#door_acacia_upper", "rotation": 180 },
                "east": { "uv": [ 8.5, 0.5, 11.0, 1.5 ], "texture": "#door_acacia_upper", "rotation": 0 },
                "south": { "uv": [ 0.5, 12.0, 1.0, 15.0 ], "texture": "#door_acacia_upper", "rotation": 180 },
                "down": { "uv": [ -0.0, 14.5, 3.5, 15.0 ], "texture": "#door_acacia_upper", "rotation": 270 },
                "up": { "uv": [ 0.0, 12.0, 3.5, 12.5 ], "texture": "#door_acacia_upper", "rotation": 270 }
            }
        },
        {   "__comment": "Elem_0",
            "from": [ 1.5, 15.5, 4.0 ],
            "to": [ 2.0, 16.0, 6.0 ],
            "faces": {
                "west": { "uv": [ 10.5, 0.0, 8.5, 0.5 ], "texture": "#door_acacia_upper", "rotation": 0 },
                "north": { "uv": [ 0.5, 12.0, 1.0, 15.0 ], "texture": "#door_acacia_upper", "rotation": 180 },
                "east": { "uv": [ 8.5, 0.0, 10.5, 0.5 ], "texture": "#door_acacia_upper", "rotation": 0 },
                "south": { "uv": [ 0.5, 12.0, 1.0, 15.0 ], "texture": "#door_acacia_upper", "rotation": 180 },
                "down": { "uv": [ -0.0, 14.5, 3.5, 15.0 ], "texture": "#door_acacia_upper", "rotation": 270 },
                "up": { "uv": [ 0.0, 12.0, 3.5, 12.5 ], "texture": "#door_acacia_upper", "rotation": 270 }
            }
        },
        {   "__comment": "Elem_0",
            "from": [ 1.5, 0.0, 12.5 ],
            "to": [ 2.0, 15.0, 16.0 ],
            "faces": {
                "west": { "uv": [ 16.0, 1.0, 12.5, 16.0 ], "texture": "#door_acacia_upper", "rotation": 0 },
                "north": { "uv": [ 0.5, 12.0, 1.0, 15.0 ], "texture": "#door_acacia_upper", "rotation": 180 },
                "east": { "uv": [ 12.5, 1.0, 16.0, 16.0 ], "texture": "#door_acacia_upper", "rotation": 0 },
                "south": { "uv": [ 0.5, 12.0, 1.0, 15.0 ], "texture": "#door_acacia_upper", "rotation": 180 },
                "down": { "uv": [ -0.0, 14.5, 3.5, 15.0 ], "texture": "#door_acacia_upper", "rotation": 270 },
                "up": { "uv": [ 0.0, 12.0, 3.5, 12.5 ], "texture": "#door_acacia_upper", "rotation": 270 }
            }
        },
        {   "__comment": "Elem_0",
            "from": [ 1.5, 15.43, 13.5 ],
            "to": [ 2.0, 16.0, 16.0 ],
            "faces": {
                "west": { "uv": [ 16.0, 0.0, 13.5, 0.5 ], "texture": "#door_acacia_upper", "rotation": 0 },
                "north": { "uv": [ 0.5, 12.0, 1.0, 15.0 ], "texture": "#door_acacia_upper", "rotation": 180 },
                "east": { "uv": [ 13.5, 0.0, 16.0, 0.5 ], "texture": "#door_acacia_upper", "rotation": 0 },
                "south": { "uv": [ 0.5, 12.0, 1.0, 15.0 ], "texture": "#door_acacia_upper", "rotation": 180 },
                "down": { "uv": [ -0.0, 14.5, 3.5, 15.0 ], "texture": "#door_acacia_upper", "rotation": 270 },
                "up": { "uv": [ 0.0, 12.0, 3.5, 12.5 ], "texture": "#door_acacia_upper", "rotation": 270 }
            }
        },
        {   "__comment": "Elem_0",
            "from": [ 1.5, 0.5, 4.5 ],
            "to": [ 2.0, 10.5, 7.5 ],
            "faces": {
                "west": { "uv": [ 12.0, 5.5, 9.0, 15.5 ], "texture": "#door_acacia_upper", "rotation": 0 },
                "north": { "uv": [ 0.5, 12.0, 1.0, 15.0 ], "texture": "#door_acacia_upper", "rotation": 180 },
                "east": { "uv": [ 9.0, 5.5, 12.0, 15.5 ], "texture": "#door_acacia_upper", "rotation": 0 },
                "south": { "uv": [ 0.5, 12.0, 1.0, 15.0 ], "texture": "#door_acacia_upper", "rotation": 180 },
                "down": { "uv": [ -0.0, 14.5, 3.5, 15.0 ], "texture": "#door_acacia_upper", "rotation": 270 },
                "up": { "uv": [ 0.0, 12.0, 3.5, 12.5 ], "texture": "#door_acacia_upper", "rotation": 270 }
            }
        },
        {   "__comment": "Elem_0",
            "from": [ 1.5, 10.5, 4.5 ],
            "to": [ 2.0, 14.5, 7.0 ],
            "faces": {
                "west": { "uv": [ 11.5, 1.5, 9.0, 5.5 ], "texture": "#door_acacia_upper", "rotation": 0 },
                "north": { "uv": [ 0.5, 12.0, 1.0, 15.0 ], "texture": "#door_acacia_upper", "rotation": 180 },
                "east": { "uv": [ 9.0, 1.5, 11.5, 5.5 ], "texture": "#door_acacia_upper", "rotation": 0 },
                "south": { "uv": [ 0.5, 12.0, 1.0, 15.0 ], "texture": "#door_acacia_upper", "rotation": 180 },
                "down": { "uv": [ -0.0, 14.5, 3.5, 15.0 ], "texture": "#door_acacia_upper", "rotation": 270 },
                "up": { "uv": [ 0.0, 12.0, 3.5, 12.5 ], "texture": "#door_acacia_upper", "rotation": 270 }
            }
        }
    ]
}
