{
    "__comment": "This model was created with freundTech's Blender2Minecraft converter (BETA)",
    "ambientocclusion": false,
    "textures": {
        "door_acacia_lower": "blocks/door_acacia_lower",
        "particle": "blocks/door_acacia_lower"
    },
    "elements": [
        {   "__comment": "Elem_0",
            "from": [ 1.0, 1.0, 0.0 ],
            "to": [ 1.5, 4.0, 16.0 ],
            "faces": {
                "west": { "uv": [ 16.0, 12.0, 0.0, 15.0 ], "texture": "#door_acacia_lower", "rotation": 0 },
                "north": { "uv": [ 0.5, 12.0, 1.0, 15.0 ], "texture": "#door_acacia_lower", "rotation": 180 },
                "east": { "uv": [ 0.0, 12.0, 16.0, 15.0 ], "texture": "#door_acacia_lower", "rotation": 0 },
                "south": { "uv": [ 0.5, 12.0, 1.0, 15.0 ], "texture": "#door_acacia_lower", "rotation": 180 },
                "down": { "uv": [ -0.0, 14.5, 16.0, 15.0 ], "texture": "#door_acacia_lower", "rotation": 270 },
                "up": { "uv": [ 0.0, 12.0, 16.0, 12.5 ], "texture": "#door_acacia_lower", "rotation": 270 }
            }
        },
        {   "__comment": "Elem_0",
            "from": [ 1.5, 0.5, 0.0 ],
            "to": [ 2.0, 16.0, 3.5 ],
            "faces": {
                "west": { "uv": [ 3.5, 0.0, 0.0, 15.5 ], "texture": "#door_acacia_lower", "rotation": 0 },
                "north": { "uv": [ 0.5, 12.0, 1.0, 15.0 ], "texture": "#door_acacia_lower", "rotation": 180 },
                "east": { "uv": [ 0.0, 0.0, 3.5, 15.5 ], "texture": "#door_acacia_lower", "rotation": 0 },
                "south": { "uv": [ 0.5, 12.0, 1.0, 15.0 ], "texture": "#door_acacia_lower", "rotation": 180 },
                "down": { "uv": [ -0.0, 14.5, 3.5, 15.0 ], "texture": "#door_acacia_lower", "rotation": 270 },
                "up": { "uv": [ 0.0, 12.0, 3.5, 12.5 ], "texture": "#door_acacia_lower", "rotation": 270 }
            }
        },
        {   "__comment": "Elem_0",
            "from": [ 1.0, 15.0, 0.0 ],
            "to": [ 1.5, 16.0, 16.0 ],
            "faces": {
                "west": { "uv": [ 16.0, 0.0, 0.0, 1.0 ], "texture": "#door_acacia_lower", "rotation": 0 },
                "north": { "uv": [ 0.5, 12.0, 1.0, 15.0 ], "texture": "#door_acacia_lower", "rotation": 180 },
                "east": { "uv": [ 0.0, 0.0, 16.0, 1.0 ], "texture": "#door_acacia_lower", "rotation": 0 },
                "south": { "uv": [ 0.5, 12.0, 1.0, 15.0 ], "texture": "#door_acacia_lower", "rotation": 180 },
                "down": { "uv": [ -0.0, 14.5, 16.0, 15.0 ], "texture": "#door_acacia_lower", "rotation": 270 },
                "up": { "uv": [ 0.0, 12.0, 16.0, 12.5 ], "texture": "#door_acacia_lower", "rotation": 270 }
            }
        },
        {   "__comment": "Elem_0",
            "from": [ 0.5, 0.5, 0.0 ],
            "to": [ 1.0, 16.0, 3.5 ],
            "faces": {
                "west": { "uv": [ 3.5, 0.0, 0.0, 15.5 ], "texture": "#door_acacia_lower", "rotation": 0 },
                "north": { "uv": [ 0.5, 12.0, 1.0, 15.0 ], "texture": "#door_acacia_lower", "rotation": 180 },
                "east": { "uv": [ 0.0, 0.0, 3.5, 15.5 ], "texture": "#door_acacia_lower", "rotation": 0 },
                "south": { "uv": [ 0.5, 12.0, 1.0, 15.0 ], "texture": "#door_acacia_lower", "rotation": 180 },
                "down": { "uv": [ -0.0, 14.5, 3.5, 15.0 ], "texture": "#door_acacia_lower", "rotation": 270 },
                "up": { "uv": [ 0.0, 12.0, 3.5, 12.5 ], "texture": "#door_acacia_lower", "rotation": 270 }
            }
        },
        {   "__comment": "Elem_0",
            "from": [ 0.5, 0.0, 0.0 ],
            "to": [ 1.0, 0.5, 3.0 ],
            "faces": {
                "west": { "uv": [ 3.0, 15.5, 0.0, 16.0 ], "texture": "#door_acacia_lower", "rotation": 0 },
                "north": { "uv": [ 0.5, 12.0, 1.0, 15.0 ], "texture": "#door_acacia_lower", "rotation": 180 },
                "east": { "uv": [ 0.0, 15.5, 3.0, 16.0 ], "texture": "#door_acacia_lower", "rotation": 0 },
                "south": { "uv": [ 0.5, 12.0, 1.0, 15.0 ], "texture": "#door_acacia_lower", "rotation": 180 },
                "down": { "uv": [ -0.0, 14.5, 3.5, 15.0 ], "texture": "#door_acacia_lower", "rotation": 270 },
                "up": { "uv": [ 0.0, 12.0, 3.5, 12.5 ], "texture": "#door_acacia_lower", "rotation": 270 }
            }
        },
        {   "__comment": "Elem_0",
            "from": [ 1.5, 0.0, 0.0 ],
            "to": [ 2.0, 0.5, 3.0 ],
            "faces": {
                "west": { "uv": [ 3.0, 15.5, 0.0, 16.0 ], "texture": "#door_acacia_lower", "rotation": 0 },
                "north": { "uv": [ 0.5, 12.0, 1.0, 15.0 ], "texture": "#door_acacia_lower", "rotation": 180 },
                "east": { "uv": [ 0.0, 15.5, 3.0, 16.0 ], "texture": "#door_acacia_lower", "rotation": 0 },
                "south": { "uv": [ 0.5, 12.0, 1.0, 15.0 ], "texture": "#door_acacia_lower", "rotation": 180 },
                "down": { "uv": [ -0.0, 14.5, 3.5, 15.0 ], "texture": "#door_acacia_lower", "rotation": 270 },
                "up": { "uv": [ 0.0, 12.0, 3.5, 12.5 ], "texture": "#door_acacia_lower", "rotation": 270 }
            }
        },
        {   "__comment": "Elem_0",
            "from": [ 0.5, 0.0, 3.5 ],
            "to": [ 1.0, 2.5, 6.5 ],
            "faces": {
                "west": { "uv": [ 6.5, 13.5, 3.5, 16.0 ], "texture": "#door_acacia_lower", "rotation": 0 },
                "north": { "uv": [ 0.5, 12.0, 1.0, 15.0 ], "texture": "#door_acacia_lower", "rotation": 180 },
                "east": { "uv": [ 3.5, 13.5, 6.5, 16.0 ], "texture": "#door_acacia_lower", "rotation": 0 },
                "south": { "uv": [ 0.5, 12.0, 1.0, 15.0 ], "texture": "#door_acacia_lower", "rotation": 180 },
                "down": { "uv": [ -0.0, 14.5, 3.5, 15.0 ], "texture": "#door_acacia_lower", "rotation": 270 },
                "up": { "uv": [ 0.0, 12.0, 3.5, 12.5 ], "texture": "#door_acacia_lower", "rotation": 270 }
            }
        },
        {   "__comment": "Elem_0",
            "from": [ 0.5, 2.5, 4.0 ],
            "to": [ 1.0, 9.0, 7.0 ],
            "faces": {
                "west": { "uv": [ 7.0, 7.0, 4.0, 13.5 ], "texture": "#door_acacia_lower", "rotation": 0 },
                "north": { "uv": [ 0.5, 12.0, 1.0, 15.0 ], "texture": "#door_acacia_lower", "rotation": 180 },
                "east": { "uv": [ 4.0, 7.0, 7.0, 13.5 ], "texture": "#door_acacia_lower", "rotation": 0 },
                "south": { "uv": [ 0.5, 12.0, 1.0, 15.0 ], "texture": "#door_acacia_lower", "rotation": 180 },
                "down": { "uv": [ -0.0, 14.5, 3.5, 15.0 ], "texture": "#door_acacia_lower", "rotation": 270 },
                "up": { "uv": [ 0.0, 12.0, 3.5, 12.5 ], "texture": "#door_acacia_lower", "rotation": 270 }
            }
        },
        {   "__comment": "Elem_0",
            "from": [ 0.5, 9.0, 4.5 ],
            "to": [ 1.0, 12.5, 7.0 ],
            "faces": {
                "west": { "uv": [ 7.0, 3.5, 4.5, 7.0 ], "texture": "#door_acacia_lower", "rotation": 0 },
                "north": { "uv": [ 0.5, 12.0, 1.0, 15.0 ], "texture": "#door_acacia_lower", "rotation": 180 },
                "east": { "uv": [ 4.5, 3.5, 7.0, 7.0 ], "texture": "#door_acacia_lower", "rotation": 0 },
                "south": { "uv": [ 0.5, 12.0, 1.0, 15.0 ], "texture": "#door_acacia_lower", "rotation": 180 },
                "down": { "uv": [ -0.0, 14.5, 3.5, 15.0 ], "texture": "#door_acacia_lower", "rotation": 270 },
                "up": { "uv": [ 0.0, 12.0, 3.5, 12.5 ], "texture": "#door_acacia_lower", "rotation": 270 }
            }
        },
        {   "__comment": "Elem_0",
            "from": [ 0.5, 12.5, 4.5 ],
            "to": [ 1.0, 16.0, 7.5 ],
            "faces": {
                "west": { "uv": [ 7.5, 0.0, 4.5, 3.5 ], "texture": "#door_acacia_lower", "rotation": 0 },
                "north": { "uv": [ 0.5, 12.0, 1.0, 15.0 ], "texture": "#door_acacia_lower", "rotation": 180 },
                "east": { "uv": [ 4.5, 0.0, 7.5, 3.5 ], "texture": "#door_acacia_lower", "rotation": 0 },
                "south": { "uv": [ 0.5, 12.0, 1.0, 15.0 ], "texture": "#door_acacia_lower", "rotation": 180 },
                "down": { "uv": [ -0.0, 14.5, 3.5, 15.0 ], "texture": "#door_acacia_lower", "rotation": 270 },
                "up": { "uv": [ 0.0, 12.0, 3.5, 12.5 ], "texture": "#door_acacia_lower", "rotation": 270 }
            }
        },
        {   "__comment": "Elem_0",
            "from": [ 1.5, 0.0, 8.0 ],
            "to": [ 2.0, 2.5, 11.0 ],
            "faces": {
                "west": { "uv": [ 6.5, 13.5, 3.5, 16.0 ], "texture": "#door_acacia_lower", "rotation": 0 },
                "north": { "uv": [ 0.5, 12.0, 1.0, 15.0 ], "texture": "#door_acacia_lower", "rotation": 180 },
                "east": { "uv": [ 3.5, 13.5, 6.5, 16.0 ], "texture": "#door_acacia_lower", "rotation": 0 },
                "south": { "uv": [ 0.5, 12.0, 1.0, 15.0 ], "texture": "#door_acacia_lower", "rotation": 180 },
                "down": { "uv": [ -0.0, 14.5, 3.5, 15.0 ], "texture": "#door_acacia_lower", "rotation": 270 },
                "up": { "uv": [ 0.0, 12.0, 3.5, 12.5 ], "texture": "#door_acacia_lower", "rotation": 270 }
            }
        },
        {   "__comment": "Elem_0",
            "from": [ 1.5, 2.5, 8.5 ],
            "to": [ 2.0, 9.0, 11.5 ],
            "faces": {
                "west": { "uv": [ 7.0, 7.0, 4.0, 13.5 ], "texture": "#door_acacia_lower", "rotation": 0 },
                "north": { "uv": [ 0.5, 12.0, 1.0, 15.0 ], "texture": "#door_acacia_lower", "rotation": 180 },
                "east": { "uv": [ 4.0, 7.0, 7.0, 13.5 ], "texture": "#door_acacia_lower", "rotation": 0 },
                "south": { "uv": [ 0.5, 12.0, 1.0, 15.0 ], "texture": "#door_acacia_lower", "rotation": 180 },
                "down": { "uv": [ -0.0, 14.5, 3.5, 15.0 ], "texture": "#door_acacia_lower", "rotation": 270 },
                "up": { "uv": [ 0.0, 12.0, 3.5, 12.5 ], "texture": "#door_acacia_lower", "rotation": 270 }
            }
        },
        {   "__comment": "Elem_0",
            "from": [ 1.5, 9.0, 9.0 ],
            "to": [ 2.0, 12.5, 11.5 ],
            "faces": {
                "west": { "uv": [ 7.0, 3.5, 4.5, 7.0 ], "texture": "#door_acacia_lower", "rotation": 0 },
                "north": { "uv": [ 0.5, 12.0, 1.0, 15.0 ], "texture": "#door_acacia_lower", "rotation": 180 },
                "east": { "uv": [ 4.5, 3.5, 7.0, 7.0 ], "texture": "#door_acacia_lower", "rotation": 0 },
                "south": { "uv": [ 0.5, 12.0, 1.0, 15.0 ], "texture": "#door_acacia_lower", "rotation": 180 },
                "down": { "uv": [ -0.0, 14.5, 3.5, 15.0 ], "texture": "#door_acacia_lower", "rotation": 270 },
                "up": { "uv": [ 0.0, 12.0, 3.5, 12.5 ], "texture": "#door_acacia_lower", "rotation": 270 }
            }
        },
        {   "__comment": "Elem_0",
            "from": [ 1.5, 12.5, 9.0 ],
            "to": [ 2.0, 16.0, 12.0 ],
            "faces": {
                "west": { "uv": [ 7.5, 0.0, 4.5, 3.5 ], "texture": "#door_acacia_lower", "rotation": 0 },
                "north": { "uv": [ 0.5, 12.0, 1.0, 15.0 ], "texture": "#door_acacia_lower", "rotation": 180 },
                "east": { "uv": [ 4.5, 0.0, 7.5, 3.5 ], "texture": "#door_acacia_lower", "rotation": 0 },
                "south": { "uv": [ 0.5, 12.0, 1.0, 15.0 ], "texture": "#door_acacia_lower", "rotation": 180 },
                "down": { "uv": [ -0.0, 14.5, 3.5, 15.0 ], "texture": "#door_acacia_lower", "rotation": 270 },
                "up": { "uv": [ 0.0, 12.0, 3.5, 12.5 ], "texture": "#door_acacia_lower", "rotation": 270 }
            }
        },
        {   "__comment": "Elem_0",
            "from": [ 0.5, 0.5, 12.5 ],
            "to": [ 1.0, 16.0, 16.0 ],
            "faces": {
                "west": { "uv": [ 16.0, 0.0, 12.5, 15.5 ], "texture": "#door_acacia_lower", "rotation": 0 },
                "north": { "uv": [ 0.5, 12.0, 1.0, 15.0 ], "texture": "#door_acacia_lower", "rotation": 180 },
                "east": { "uv": [ 12.5, 0.0, 16.0, 15.5 ], "texture": "#door_acacia_lower", "rotation": 0 },
                "south": { "uv": [ 0.5, 12.0, 1.0, 15.0 ], "texture": "#door_acacia_lower", "rotation": 180 },
                "down": { "uv": [ -0.0, 14.5, 3.5, 15.0 ], "texture": "#door_acacia_lower", "rotation": 270 },
                "up": { "uv": [ 0.0, 12.0, 3.5, 12.5 ], "texture": "#door_acacia_lower", "rotation": 270 }
            }
        },
        {   "__comment": "Elem_0",
            "from": [ 0.5, 0.0, 13.0 ],
            "to": [ 1.0, 0.5, 16.0 ],
            "faces": {
                "west": { "uv": [ 16.0, 15.5, 13.0, 16.0 ], "texture": "#door_acacia_lower", "rotation": 0 },
                "north": { "uv": [ 0.5, 12.0, 1.0, 15.0 ], "texture": "#door_acacia_lower", "rotation": 180 },
                "east": { "uv": [ 13.0, 15.5, 16.0, 16.0 ], "texture": "#door_acacia_lower", "rotation": 0 },
                "south": { "uv": [ 0.5, 12.0, 1.0, 15.0 ], "texture": "#door_acacia_lower", "rotation": 180 },
                "down": { "uv": [ -0.0, 14.5, 3.5, 15.0 ], "texture": "#door_acacia_lower", "rotation": 270 },
                "up": { "uv": [ 0.0, 12.0, 3.5, 12.5 ], "texture": "#door_acacia_lower", "rotation": 270 }
            }
        },
        {   "__comment": "Elem_0",
            "from": [ 1.5, 0.5, 12.5 ],
            "to": [ 2.0, 16.0, 16.0 ],
            "faces": {
                "west": { "uv": [ 16.0, 0.0, 12.5, 15.5 ], "texture": "#door_acacia_lower", "rotation": 0 },
                "north": { "uv": [ 0.5, 12.0, 1.0, 15.0 ], "texture": "#door_acacia_lower", "rotation": 180 },
                "east": { "uv": [ 12.5, 0.0, 16.0, 15.5 ], "texture": "#door_acacia_lower", "rotation": 0 },
                "south": { "uv": [ 0.5, 12.0, 1.0, 15.0 ], "texture": "#door_acacia_lower", "rotation": 180 },
                "down": { "uv": [ -0.0, 14.5, 3.5, 15.0 ], "texture": "#door_acacia_lower", "rotation": 270 },
                "up": { "uv": [ 0.0, 12.0, 3.5, 12.5 ], "texture": "#door_acacia_lower", "rotation": 270 }
            }
        },
        {   "__comment": "Elem_0",
            "from": [ 1.5, 0.0, 13.0 ],
            "to": [ 2.0, 0.5, 16.0 ],
            "faces": {
                "west": { "uv": [ 16.0, 15.5, 13.0, 16.0 ], "texture": "#door_acacia_lower", "rotation": 0 },
                "north": { "uv": [ 0.5, 12.0, 1.0, 15.0 ], "texture": "#door_acacia_lower", "rotation": 180 },
                "east": { "uv": [ 13.0, 15.5, 16.0, 16.0 ], "texture": "#door_acacia_lower", "rotation": 0 },
                "south": { "uv": [ 0.5, 12.0, 1.0, 15.0 ], "texture": "#door_acacia_lower", "rotation": 180 },
                "down": { "uv": [ -0.0, 14.5, 3.5, 15.0 ], "texture": "#door_acacia_lower", "rotation": 270 },
                "up": { "uv": [ 0.0, 12.0, 3.5, 12.5 ], "texture": "#door_acacia_lower", "rotation": 270 }
            }
        },
        {   "__comment": "Elem_0",
            "from": [ 0.5, 0.0, 10.0 ],
            "to": [ 1.0, 10.0, 12.5 ],
            "faces": {
                "west": { "uv": [ 12.5, 6.0, 10.0, 16.0 ], "texture": "#door_acacia_lower", "rotation": 0 },
                "north": { "uv": [ 0.5, 12.0, 1.0, 15.0 ], "texture": "#door_acacia_lower", "rotation": 180 },
                "east": { "uv": [ 10.0, 6.0, 12.5, 16.0 ], "texture": "#door_acacia_lower", "rotation": 0 },
                "south": { "uv": [ 0.5, 12.0, 1.0, 15.0 ], "texture": "#door_acacia_lower", "rotation": 180 },
                "down": { "uv": [ -0.0, 14.5, 3.5, 15.0 ], "texture": "#door_acacia_lower", "rotation": 270 },
                "up": { "uv": [ 0.0, 12.0, 3.5, 12.5 ], "texture": "#door_acacia_lower", "rotation": 270 }
            }
        },
        {   "__comment": "Elem_0",
            "from": [ 0.5, 14.0, 9.5 ],
            "to": [ 1.0, 16.0, 12.0 ],
            "faces": {
                "west": { "uv": [ 12.0, 0.0, 9.5, 2.0 ], "texture": "#door_acacia_lower", "rotation": 0 },
                "north": { "uv": [ 0.5, 12.0, 1.0, 15.0 ], "texture": "#door_acacia_lower", "rotation": 180 },
                "east": { "uv": [ 9.5, 0.0, 12.0, 2.0 ], "texture": "#door_acacia_lower", "rotation": 0 },
                "south": { "uv": [ 0.5, 12.0, 1.0, 15.0 ], "texture": "#door_acacia_lower", "rotation": 180 },
                "down": { "uv": [ -0.0, 14.5, 3.5, 15.0 ], "texture": "#door_acacia_lower", "rotation": 270 },
                "up": { "uv": [ 0.0, 12.0, 3.5, 12.5 ], "texture": "#door_acacia_lower", "rotation": 270 }
            }
        },
        {   "__comment": "Elem_0",
            "from": [ 0.5, 10.0, 9.5 ],
            "to": [ 1.0, 14.0, 12.5 ],
            "faces": {
                "west": { "uv": [ 12.5, 2.0, 9.5, 6.0 ], "texture": "#door_acacia_lower", "rotation": 0 },
                "north": { "uv": [ 0.5, 12.0, 1.0, 15.0 ], "texture": "#door_acacia_lower", "rotation": 180 },
                "east": { "uv": [ 9.5, 2.0, 12.5, 6.0 ], "texture": "#door_acacia_lower", "rotation": 0 },
                "south": { "uv": [ 0.5, 12.0, 1.0, 15.0 ], "texture": "#door_acacia_lower", "rotation": 180 },
                "down": { "uv": [ -0.0, 14.5, 3.5, 15.0 ], "texture": "#door_acacia_lower", "rotation": 270 },
                "up": { "uv": [ 0.0, 12.0, 3.5, 12.5 ], "texture": "#door_acacia_lower", "rotation": 270 }
            }
        },
        {   "__comment": "Elem_0",
            "from": [ 1.5, 0.0, 5.0 ],
            "to": [ 2.0, 10.0, 7.5 ],
            "faces": {
                "west": { "uv": [ 12.5, 6.0, 10.0, 16.0 ], "texture": "#door_acacia_lower", "rotation": 0 },
                "north": { "uv": [ 0.5, 12.0, 1.0, 15.0 ], "texture": "#door_acacia_lower", "rotation": 180 },
                "east": { "uv": [ 10.0, 6.0, 12.5, 16.0 ], "texture": "#door_acacia_lower", "rotation": 0 },
                "south": { "uv": [ 0.5, 12.0, 1.0, 15.0 ], "texture": "#door_acacia_lower", "rotation": 180 },
                "down": { "uv": [ -0.0, 14.5, 3.5, 15.0 ], "texture": "#door_acacia_lower", "rotation": 270 },
                "up": { "uv": [ 0.0, 12.0, 3.5, 12.5 ], "texture": "#door_acacia_lower", "rotation": 270 }
            }
        },
        {   "__comment": "Elem_0",
            "from": [ 1.5, 14.0, 4.5 ],
            "to": [ 2.0, 16.0, 7.0 ],
            "faces": {
                "west": { "uv": [ 12.0, 0.0, 9.5, 2.0 ], "texture": "#door_acacia_lower", "rotation": 0 },
                "north": { "uv": [ 0.5, 12.0, 1.0, 15.0 ], "texture": "#door_acacia_lower", "rotation": 180 },
                "east": { "uv": [ 9.5, 0.0, 12.0, 2.0 ], "texture": "#door_acacia_lower", "rotation": 0 },
                "south": { "uv": [ 0.5, 12.0, 1.0, 15.0 ], "texture": "#door_acacia_lower", "rotation": 180 },
                "down": { "uv": [ -0.0, 14.5, 3.5, 15.0 ], "texture": "#door_acacia_lower", "rotation": 270 },
                "up": { "uv": [ 0.0, 12.0, 3.5, 12.5 ], "texture": "#door_acacia_lower", "rotation": 270 }
            }
        },
        {   "__comment": "Elem_0",
            "from": [ 1.5, 10.0, 4.5 ],
            "to": [ 2.0, 14.0, 7.5 ],
            "faces": {
                "west": { "uv": [ 12.5, 2.0, 9.5, 6.0 ], "texture": "#door_acacia_lower", "rotation": 0 },
                "north": { "uv": [ 0.5, 12.0, 1.0, 15.0 ], "texture": "#door_acacia_lower", "rotation": 180 },
                "east": { "uv": [ 9.5, 2.0, 12.5, 6.0 ], "texture": "#door_acacia_lower", "rotation": 0 },
                "south": { "uv": [ 0.5, 12.0, 1.0, 15.0 ], "texture": "#door_acacia_lower", "rotation": 180 },
                "down": { "uv": [ -0.0, 14.5, 3.5, 15.0 ], "texture": "#door_acacia_lower", "rotation": 270 },
                "up": { "uv": [ 0.0, 12.0, 3.5, 12.5 ], "texture": "#door_acacia_lower", "rotation": 270 }
            }
        }
    ]
}
