{
    "__createdwith": "opl's Model Creator",
    "textures": {
        "particle": "#one"
    },
    "elements": [
        {
            "from": [0,0,0],
            "to": [16,16,16],
            "faces": {
                "up": {
                    "texture": "#one",
                    "cullface": up
                },
                "down": {
                    "texture": "#three",
                    "cullface": down
                },
                "west": {
                    "texture": "#one",
                    "cullface": west
                },
                "east": {
                    "texture": "#for",
                    "cullface": east
                },
                "north": {
                    "texture": "#three",
                    "cullface": north
                },
                "south": {
                    "texture": "#two",
                    "cullface": south
                }
            }
        }
    ]
}
