{
	"credit": "Made with Blockbench",
	"textures": {
		"1": "block/variants/note_block/note_block_curser"
	},
	"elements": [
		{
			"name": "curser",
			"from": [5, 16, 11],
			"to": [5.5, 16.5, 13],
			"faces": {
				"north": {"uv": [0.5, 0, 1, 0.5], "texture": "#1"},
				"east": {"uv": [1, 0, 1.5, 2], "texture": "#1", "rotation": 90},
				"south": {"uv": [0.5, 1.5, 1, 2], "texture": "#1"},
				"west": {"uv": [0, 0, 0.5, 2], "texture": "#1", "rotation": 270},
				"up": {"uv": [0.5, 0, 1, 2], "texture": "#1"}
			}
		},
		{
			"name": "curser",
			"from": [5, 3, 16],
			"to": [5.5, 5, 16.5],
			"faces": {
				"north": {"uv": [0.5, 0, 1, 2], "texture": "#1"},
				"east": {"uv": [1, 0, 1.5, 2], "texture": "#1"},
				"south": {"uv": [0.5, 0, 1, 2], "texture": "#1"},
				"west": {"uv": [0, 0, 0.5, 2], "texture": "#1"},
				"up": {"uv": [0.5, 0, 1, 0.5], "texture": "#1"},
				"down": {"uv": [0.5, 1.5, 1, 2], "texture": "#1"}
			}
		},
		{
			"name": "curser",
			"from": [16, 3, 10.5],
			"to": [16.5, 5, 11],
			"faces": {
				"north": {"uv": [1, 0, 1.5, 2], "texture": "#1"},
				"east": {"uv": [0.5, 0, 1, 2], "texture": "#1"},
				"south": {"uv": [0, 0, 0.5, 2], "texture": "#1"},
				"west": {"uv": [0.5, 0, 1, 2], "texture": "#1"},
				"up": {"uv": [0.5, 0, 1, 0.5], "texture": "#1"},
				"down": {"uv": [0.5, 1.5, 1, 2], "texture": "#1"}
			}
		},
		{
			"name": "curser",
			"from": [10.5, 3, -0.5],
			"to": [11, 5, 0],
			"faces": {
				"north": {"uv": [0.5, 0, 1, 2], "texture": "#1"},
				"east": {"uv": [0, 0, 0.5, 2], "texture": "#1"},
				"south": {"uv": [0.5, 0, 1, 2], "texture": "#1"},
				"west": {"uv": [1, 0, 1.5, 2], "texture": "#1"},
				"up": {"uv": [0.5, 0, 1, 0.5], "texture": "#1"},
				"down": {"uv": [0.5, 1.5, 1, 2], "texture": "#1"}
			}
		},
		{
			"name": "curser",
			"from": [-0.5, 3, 5],
			"to": [0, 5, 5.5],
			"faces": {
				"north": {"uv": [0, 0, 0.5, 2], "texture": "#1"},
				"east": {"uv": [0.5, 0, 1, 2], "texture": "#1"},
				"south": {"uv": [1, 0, 1.5, 2], "texture": "#1"},
				"west": {"uv": [0.5, 0, 1, 2], "texture": "#1"},
				"up": {"uv": [0.5, 0, 1, 0.5], "texture": "#1"},
				"down": {"uv": [0.5, 1.5, 1, 2], "texture": "#1"}
			}
		}
	]
}
