{
    "__createdwith": "opl's Model Creator",
    "ambientocclusion": false,
    "textures": {
        "particle": "#pane"
    },
    "elements": [
        {   "from": [7,0,0],
            "to": [9,16,7],
            "faces": {
                "up":    { "texture": "#pane" },
                "down":  { "texture": "#pane" },
                "west":  { "texture": "#pane" },
                "east":  { "texture": "#pane" },
                "north": { "texture": "#pane", "cullface": north }
            }
        },
        {   "from": [7,0,9],
            "to": [9,16,16],
            "faces": {
                "up":    { "texture": "#pane" },
                "down":  { "texture": "#pane" },
                "west":  { "texture": "#pane" },
                "east":  { "texture": "#pane" },
                "south": { "texture": "#pane", "cullface": south }
            }
        },
        {   "from": [0,0,7],
            "to": [7,16,9],
            "faces": {
                "up":    { "texture": "#pane", "rotation": 90 },
                "down":  { "texture": "#pane", "rotation": 90 },
                "west":  { "texture": "#pane", "cullface": west },
                "north": { "texture": "#pane" },
                "south": { "texture": "#pane" }
            }
        },
        {   "from": [7,0,7],
            "to": [9,16,9],
            "faces": {
                "up":    { "texture": "#pane" },
                "down":  { "texture": "#pane" },
                "east":  { "texture": "#pane" }
            }
        }
    ]
}
