{
    "__createdwith": "opl's Model Creator",
    "ambientocclusion": false,
    "textures": {
        "particle": "#pane"
    },
    "elements": [
        {   "from": [7,0,7],
            "to": [9,16,9],
            "faces": {
                "up":    { "texture": "#pane" },
                "down":  { "texture": "#pane" },
                "east":  { "texture": "#pane" },
                "west":  { "texture": "#pane" },
                "north": { "texture": "#pane" },
                "south": { "texture": "#pane" }
            }
        }
    ]
}
