{
    "__createdwith": "opl's Model Creator",
    "ambientocclusion": false,
    "textures": {
        "particle": "#pane"
    },
    "elements": [
        {   "from": [7,0,9],
            "to": [9,16,16],
            "faces": {
                "up":    { "texture": "#pane", "cullface": up },
                "down":  { "texture": "#pane", "cullface": down },
                "west":  { "texture": "#pane" },
                "east":  { "texture": "#pane" },
                "south": { "texture": "#pane", "cullface": south }
            }
        },
        {   "from": [9,0,7],
            "to": [16,16,9],
            "faces": {
                "up":    { "texture": "#pane", "cullface": up, "rotation": 90 },
                "down":  { "texture": "#pane", "cullface": down, "rotation": 90 },
                "east":  { "texture": "#pane", "cullface": east },
                "north": { "texture": "#pane" },
                "south": { "texture": "#pane" }
            }
        },
        {   "from": [0,0,7],
            "to": [7,16,9],
            "faces": {
                "up":    { "texture": "#pane", "cullface": up, "rotation": 90 },
                "down":  { "texture": "#pane", "cullface": down, "rotation": 90 },
                "west":  { "texture": "#pane", "cullface": west },
                "north": { "texture": "#pane" },
                "south": { "texture": "#pane" }
            }
        },
        {   "from": [7,0,7],
            "to": [9,16,9],
            "faces": {
                "up":    { "texture": "#pane", "cullface": up },
                "down":  { "texture": "#pane", "cullface": down },
                "north":  { "texture": "#pane" }
            }
        }
    ]
}
