{
	"credit": "Made with Blockbench",
	"parent": "block/cube_bottom_top",
	"textures": {
		"top": "block/barrel_top",
		"side": "block/barrel_side",
		"bottom": "block/barrel_bottom"
	},
	"elements": [
		{
			"from": [15, 0, 1],
			"to": [16, 16, 15],
			"faces": {
				"north": {"uv": [0, 0, 15, 16], "texture": "#side"},
				"east": {"uv": [0, 0, 14, 16], "texture": "#side"},
				"south": {"uv": [0.5, 0, 15.5, 16], "texture": "#side"},
				"west": {"uv": [1, 0, 15, 16], "texture": "#side"},
				"up": {"uv": [15, 1, 16, 15], "texture": "#top"},
				"down": {"uv": [15, 1, 16, 15], "texture": "#bottom"}
			}
		},
		{
			"from": [0, 0, 1],
			"to": [1, 16, 15],
			"faces": {
				"north": {"uv": [0, 0, 15, 16], "texture": "#side"},
				"east": {"uv": [1, 0, 15, 16], "texture": "#side"},
				"south": {"uv": [0.5, 0, 15.5, 16], "texture": "#side"},
				"west": {"uv": [1, 0, 15, 16], "texture": "#side"},
				"up": {"uv": [0, 1, 1, 15], "texture": "#top"},
				"down": {"uv": [0, 1, 1, 15], "texture": "#bottom"}
			}
		},
		{
			"from": [0, 0, 0],
			"to": [16, 16, 1],
			"faces": {
				"north": {"uv": [0, 0, 16, 16], "texture": "#side"},
				"east": {"uv": [14, 0, 15, 16], "texture": "#side"},
				"south": {"uv": [0, 0, 16, 16], "texture": "#side"},
				"west": {"uv": [0, 0, 1, 16], "texture": "#side"},
				"up": {"uv": [0, 0, 16, 1], "texture": "#top"},
				"down": {"uv": [0, 15, 16, 16], "texture": "#bottom"}
			}
		},
		{
			"name": "couvercle",
			"from": [3, 20, 1],
			"to": [17, 21, 15],
			"rotation": {"angle": -45, "axis": "z", "origin": [10, 20.5, 8]},
			"faces": {
				"north": {"uv": [1, 3.5, 15, 4.5], "texture": "#bottom", "rotation": 180},
				"east": {"uv": [4.5, 1, 5.5, 15], "texture": "#bottom", "rotation": 270},
				"south": {"uv": [1, 4.5, 15, 5.5], "texture": "#bottom"},
				"west": {"uv": [4.5, 1, 5.5, 15], "texture": "#bottom", "rotation": 270},
				"up": {"uv": [1, 1, 15, 15], "texture": "#top"},
				"down": {"uv": [1, 1, 15, 15], "texture": "#bottom"}
			}
		},
		{
			"from": [1, 0, 1],
			"to": [15, 1, 15],
			"faces": {
				"up": {"uv": [1.5, 1.5, 14.5, 14.5], "texture": "#bottom"},
				"down": {"uv": [1, 1, 15, 15], "texture": "#bottom"}
			}
		},
		{
			"from": [0, 0, 15],
			"to": [16, 16, 16],
			"faces": {
				"north": {"uv": [0, 0, 15, 16], "texture": "#side"},
				"east": {"uv": [15, 0, 16, 16], "texture": "#side"},
				"south": {"uv": [0, 0, 16, 16], "texture": "#side"},
				"west": {"uv": [15, 0, 16, 16], "texture": "#side"},
				"up": {"uv": [0, 15, 16, 16], "texture": "#top"},
				"down": {"uv": [0, 0, 16, 1], "texture": "#bottom"}
			}
		}
	]
}