{
	"credit": "Made with Blockbench",
	"ambientocclusion": false,
	"textures": {
		"texture": "block/ladder",
		"particle": "block/ladder"
	},
	"elements": [
		{
			"from": [0.5, 1, 15.5],
			"to": [1, 3, 16],
			"faces": {
				"north": {"uv": [15, 13, 15.5, 13.5], "texture": "#texture"},
				"east": {"uv": [0, 0, 0.25, 1], "texture": "#texture"},
				"south": {"uv": [15, 13, 15.5, 15], "texture": "#texture"},
				"west": {"uv": [15, 13, 15.5, 15], "texture": "#texture"},
				"up": {"uv": [15, 13, 15.5, 13.5], "texture": "#texture"},
				"down": {"uv": [15, 14.5, 15.5, 15], "texture": "#texture"}
			}
		},
		{
			"from": [1, 0.5, 15.5],
			"to": [2.5, 3.5, 16],
			"faces": {
				"north": {"uv": [13.5, 12.5, 15, 15.5], "texture": "#texture"},
				"east": {"uv": [0, 0, 0.5, 3], "texture": "#texture"},
				"south": {"uv": [13.5, 12.5, 15, 15.5], "texture": "#texture"},
				"west": {"uv": [14.5, 12.5, 15, 15.5], "texture": "#texture"},
				"up": {"uv": [13.5, 12.5, 15, 13], "texture": "#texture"},
				"down": {"uv": [13.5, 15, 15, 15.5], "texture": "#texture"}
			}
		},
		{
			"from": [2.5, 0.5, 15.5],
			"to": [7, 4, 16],
			"faces": {
				"north": {"uv": [9, 12, 13.5, 15.5], "texture": "#texture"},
				"east": {"uv": [9, 12, 9.5, 15.5], "texture": "#texture"},
				"south": {"uv": [9, 12, 13.5, 15.5], "texture": "#texture"},
				"west": {"uv": [13, 12, 13.5, 15.5], "texture": "#texture"},
				"up": {"uv": [9, 12, 13.5, 12.5], "texture": "#texture"},
				"down": {"uv": [9, 15, 13.5, 15.5], "texture": "#texture", "rotation": 180}
			}
		},
		{
			"from": [7, 1, 15.5],
			"to": [11.5, 1.5, 16],
			"faces": {
				"north": {"uv": [4.5, 14.5, 9, 15], "texture": "#texture"},
				"east": {"uv": [4.5, 14.5, 5, 15], "texture": "#texture"},
				"south": {"uv": [4.5, 14.5, 9, 15], "texture": "#texture"},
				"west": {"uv": [0, 0, 0.5, 0.5], "texture": "#texture"},
				"up": {"uv": [0, 0, 4.5, 0.5], "texture": "#texture"},
				"down": {"uv": [4.5, 14.5, 9, 15], "texture": "#texture"}
			}
		},
		{
			"from": [11.5, 4.5, 15.5],
			"to": [15, 5, 16],
			"faces": {
				"north": {"uv": [1, 11, 4.5, 11.5], "texture": "#texture"},
				"east": {"uv": [1, 11, 1.5, 11.5], "texture": "#texture"},
				"south": {"uv": [1, 11, 4.5, 11.5], "texture": "#texture"},
				"west": {"uv": [4, 11, 4.5, 11.5], "texture": "#texture"},
				"up": {"uv": [1, 11, 4.5, 11.5], "texture": "#texture", "rotation": 180},
				"down": {"uv": [0, 0, 3.5, 0.5], "texture": "#texture"}
			}
		},
		{
			"from": [15, 2, 15.5],
			"to": [15.5, 4.5, 16],
			"faces": {
				"north": {"uv": [0.5, 11.5, 1, 14], "texture": "#texture"},
				"east": {"uv": [0.5, 11.5, 1, 14], "texture": "#texture"},
				"south": {"uv": [0.5, 11.5, 1, 14], "texture": "#texture"},
				"west": {"uv": [0, 0, 0.5, 2.5], "texture": "#texture"},
				"up": {"uv": [0.5, 11.5, 1, 12], "texture": "#texture"},
				"down": {"uv": [0.5, 13.5, 1, 14], "texture": "#texture"}
			}
		},
		{
			"from": [7, 1.5, 15.5],
			"to": [15, 4.5, 16],
			"faces": {
				"north": {"uv": [1, 11.5, 9, 14.5], "texture": "#texture"},
				"east": {"uv": [1, 11.5, 1.5, 14.5], "texture": "#texture"},
				"south": {"uv": [1, 11.5, 9, 14.5], "texture": "#texture"},
				"west": {"uv": [8.5, 11.5, 9, 14.5], "texture": "#texture"},
				"up": {"uv": [1, 11.5, 9, 12], "texture": "#texture", "rotation": 180},
				"down": {"uv": [1, 14, 9, 14.5], "texture": "#texture"}
			}
		},
		{
			"from": [0.5, 12, 15.25],
			"to": [1, 14, 15.75],
			"faces": {
				"north": {"uv": [15, 2, 15.25, 3], "texture": "#texture"},
				"east": {"uv": [0, 0, 0.25, 1], "texture": "#texture"},
				"south": {"uv": [15, 2, 15.25, 3], "texture": "#texture"},
				"west": {"uv": [15, 2, 15.25, 3], "texture": "#texture"},
				"up": {"uv": [15, 2, 15.25, 2.25], "texture": "#texture"},
				"down": {"uv": [15, 3.5, 15.25, 3.75], "texture": "#texture"}
			}
		},
		{
			"from": [1, 11.5, 15.25],
			"to": [3.5, 14.5, 15.75],
			"faces": {
				"north": {"uv": [12.5, 1.5, 15, 4.5], "texture": "#texture"},
				"east": {"uv": [0, 0, 0.25, 1.5], "texture": "#texture"},
				"south": {"uv": [12.5, 1.5, 15, 4.5], "texture": "#texture"},
				"west": {"uv": [14.5, 1.5, 15, 4.5], "texture": "#texture"},
				"up": {"uv": [12.5, 1.5, 15, 2], "texture": "#texture"},
				"down": {"uv": [12.5, 4, 15, 4.5], "texture": "#texture", "rotation": 180}
			}
		},
		{
			"from": [3.5, 11.5, 15.25],
			"to": [8, 15, 15.75],
			"faces": {
				"north": {"uv": [8, 1, 12.5, 4.5], "texture": "#texture"},
				"east": {"uv": [8, 1, 8.5, 4.5], "texture": "#texture"},
				"south": {"uv": [8, 1, 12.5, 4.5], "texture": "#texture"},
				"west": {"uv": [12, 1, 12.5, 4.5], "texture": "#texture"},
				"up": {"uv": [8, 1, 12.5, 1.5], "texture": "#texture", "rotation": 180},
				"down": {"uv": [8, 4, 12.5, 4.5], "texture": "#texture"}
			}
		},
		{
			"from": [4, 8, 15.5],
			"to": [7, 8.5, 16],
			"faces": {
				"north": {"uv": [9, 7.5, 12, 8], "texture": "#texture"},
				"east": {"uv": [0, 0, 0.5, 0.5], "texture": "#texture"},
				"south": {"uv": [9, 7.5, 12, 8], "texture": "#texture"},
				"west": {"uv": [11.5, 7.5, 12, 8], "texture": "#texture"},
				"up": {"uv": [0, 0, 3, 0.5], "texture": "#texture"},
				"down": {"uv": [9, 7.5, 12, 8], "texture": "#texture", "rotation": 180}
			}
		},
		{
			"from": [10.5, 7, 15.5],
			"to": [13.5, 7.5, 16],
			"faces": {
				"north": {"uv": [2.5, 8.5, 5.5, 9], "texture": "#texture"},
				"east": {"uv": [0, 0, 0.5, 0.5], "texture": "#texture"},
				"south": {"uv": [2.5, 8.5, 5.5, 9], "texture": "#texture"},
				"west": {"uv": [5, 8.5, 5.5, 9], "texture": "#texture"},
				"up": {"uv": [0, 0, 3, 0.5], "texture": "#texture"},
				"down": {"uv": [2.5, 8.5, 5.5, 9], "texture": "#texture", "rotation": 180}
			}
		},
		{
			"from": [7, 10.5, 15.5],
			"to": [10, 11, 16],
			"faces": {
				"north": {"uv": [6, 5, 9, 5.5], "texture": "#texture"},
				"east": {"uv": [6, 5, 6.5, 5.5], "texture": "#texture"},
				"south": {"uv": [6, 5, 9, 5.5], "texture": "#texture"},
				"west": {"uv": [0, 0, 0.5, 0.5], "texture": "#texture"},
				"up": {"uv": [6, 5, 9, 5.5], "texture": "#texture", "rotation": 180},
				"down": {"uv": [0, 0, 3, 0.5], "texture": "#texture"}
			}
		},
		{
			"from": [8, 12, 15.5],
			"to": [12.5, 12.5, 16],
			"faces": {
				"north": {"uv": [3.5, 3.5, 8, 4], "texture": "#texture"},
				"east": {"uv": [3.5, 3.5, 4, 4], "texture": "#texture"},
				"south": {"uv": [3.5, 3.5, 8, 4], "texture": "#texture"},
				"west": {"uv": [4.5, 3.5, 5, 4], "texture": "#texture"},
				"up": {"uv": [3.5, 3, 8, 3.5], "texture": "#texture"},
				"down": {"uv": [3.5, 3.5, 8, 4], "texture": "#texture"}
			}
		},
		{
			"from": [12.5, 15.5, 15.5],
			"to": [15, 16, 16],
			"faces": {
				"north": {"uv": [1, 0, 2.25, 0.25], "texture": "#texture"},
				"east": {"uv": [1, 0, 1.25, 0.25], "texture": "#texture"},
				"south": {"uv": [1, 0, 2.25, 0.25], "texture": "#texture"},
				"west": {"uv": [3, 0, 3.25, 0.25], "texture": "#texture"},
				"up": {"uv": [1, 0, 2.25, 0.25], "texture": "#texture", "rotation": 180},
				"down": {"uv": [1, 0, 3.5, 0.5], "texture": "#texture"}
			}
		},
		{
			"from": [15, 7, 15.5],
			"to": [15.5, 9.5, 16],
			"faces": {
				"north": {"uv": [0.5, 6.5, 1, 9], "texture": "#texture"},
				"east": {"uv": [0.5, 6.5, 1, 9], "texture": "#texture"},
				"south": {"uv": [0.5, 6.5, 1, 9], "texture": "#texture"},
				"west": {"uv": [0, 0, 0.5, 2.5], "texture": "#texture"},
				"up": {"uv": [0.5, 6.5, 1, 7], "texture": "#texture"},
				"down": {"uv": [0.5, 8.5, 1, 9], "texture": "#texture"}
			}
		},
		{
			"from": [15, 13, 15.5],
			"to": [15.5, 15.5, 16],
			"faces": {
				"north": {"uv": [0.5, 0.5, 1, 3], "texture": "#texture"},
				"east": {"uv": [0.5, 0.5, 1, 3], "texture": "#texture"},
				"south": {"uv": [0.5, 0.5, 1, 3], "texture": "#texture"},
				"west": {"uv": [0.5, 0.5, 1, 3], "texture": "#texture"},
				"up": {"uv": [0.5, 0.5, 1, 1], "texture": "#texture"},
				"down": {"uv": [0.5, 2.5, 1, 3], "texture": "#texture"}
			}
		},
		{
			"from": [8, 12.5, 15.25],
			"to": [15, 15.5, 15.75],
			"faces": {
				"north": {"uv": [1, 0.5, 8, 3.5], "texture": "#texture"},
				"east": {"uv": [1, 0.5, 1.5, 3.5], "texture": "#texture"},
				"south": {"uv": [1, 0.5, 8, 3.5], "texture": "#texture"},
				"west": {"uv": [7.5, 0.5, 8, 3.5], "texture": "#texture"},
				"up": {"uv": [1, 0.5, 8, 1], "texture": "#texture", "rotation": 180},
				"down": {"uv": [1, 3, 8, 3.5], "texture": "#texture"}
			}
		},
		{
			"from": [0.5, 8.5, 15.5],
			"to": [7, 11.5, 16],
			"faces": {
				"north": {"uv": [9, 4.5, 15.5, 7.5], "texture": "#texture"},
				"east": {"uv": [9, 4.5, 9.5, 7.5], "texture": "#texture"},
				"south": {"uv": [9, 4.5, 15.5, 7.5], "texture": "#texture"},
				"west": {"uv": [15, 4.5, 15.5, 7.5], "texture": "#texture"},
				"up": {"uv": [9, 4.5, 15.5, 5], "texture": "#texture", "rotation": 180},
				"down": {"uv": [9, 7, 15.5, 7.5], "texture": "#texture", "rotation": 180}
			}
		},
		{
			"from": [7, 7.5, 15.5],
			"to": [13.5, 10.5, 16],
			"faces": {
				"north": {"uv": [2.5, 5.5, 9, 8.5], "texture": "#texture"},
				"east": {"uv": [2.5, 5.5, 3, 8.5], "texture": "#texture"},
				"south": {"uv": [2.5, 5.5, 9, 8.5], "texture": "#texture"},
				"west": {"uv": [8.5, 5.5, 9, 8.5], "texture": "#texture"},
				"up": {"uv": [2.5, 5.5, 9, 6], "texture": "#texture", "rotation": 180},
				"down": {"uv": [2.5, 8, 9, 8.5], "texture": "#texture", "rotation": 180}
			}
		},
		{
			"from": [13.5, 6.5, 15.5],
			"to": [15, 10, 16],
			"faces": {
				"north": {"uv": [1, 6, 2.5, 9.5], "texture": "#texture"},
				"east": {"uv": [1, 6, 1.5, 9.5], "texture": "#texture"},
				"south": {"uv": [1, 6, 1.75, 7.75], "texture": "#texture"},
				"west": {"uv": [2, 6, 2.5, 9.5], "texture": "#texture"},
				"up": {"uv": [1, 6, 1.75, 6.25], "texture": "#texture", "rotation": 180},
				"down": {"uv": [1, 9, 2.5, 9.5], "texture": "#texture"}
			}
		}
	]
}