{
    "__createdwith": "opl's Model Creator",
    "ambientocclusion": false,
    "textures": {
        "leave": "blocks/leaves_spruce",
        "particle": "blocks/leaves_spruce"
    },
    "elements": [
        {
            "from": [0,8,0],
            "to": [16,8,16],
            "faces": {
                "up": { "texture": "#leave" },
                "down": { "texture": "#leave" }
            }
        },
        {
            "from": [0,0,0],
            "to": [0,16,16],
            "faces": {
                "west": { "texture": "#leave", "cullface": west },
                "east": { "texture": "#leave" }
            }
        },
        {
            "from": [16,0,0],
            "to": [16,16,16],
            "faces": {
                "west": { "texture": "#leave" },
                "east": { "texture": "#leave", "cullface": east }
            }
        },
        {
            "from": [0,0,16],
            "to": [16,16,16],
            "faces": {
                "north": { "texture": "#leave" },
                "south": { "texture": "#leave", "cullface": south }
            }
        },
        {
            "from": [0,0,0],
            "to": [16,16,0],
            "faces": {
                "north": { "texture": "#leave", "cullface": north },
                "south": { "texture": "#leave" }
            }
        },
        {   "from"    : [  0,  0, 8.8 ],
            "to"      : [ 16, 16, 8.8 ],
            "rotation": { "origin": [ 8, 8, 8 ], "axis": "x", "angle": -22.5, "rescale": true },
            "shade"   : false,
            "faces"   : {
                "south": { "uv": [ 0, 0, 16, 16 ], "texture": "#leave" }
            }
        },
        {   "from"    : [  0,  0, 7.2 ],
            "to"      : [ 16, 16, 7.2 ],
            "rotation": { "origin": [ 8, 8, 8 ], "axis": "x", "angle": 22.5, "rescale": true },
            "shade"   : false,
            "faces"   : {
                "north": { "uv": [ 0, 0, 16, 16 ], "texture": "#leave" }
            }
        },
        {   "from"    : [ 8.8,  0,  0 ],
            "to"      : [ 8.8, 16, 16 ],
            "rotation": { "origin": [ 8, 8, 8 ], "axis": "z", "angle": -22.5, "rescale": true },
            "shade"   : false,
            "faces"   : {
                "west": { "uv": [ 0, 0, 16, 16 ], "texture": "#leave" }
            }
        },
        {   "from"    : [ 7.2,  0,  0 ],
            "to"      : [ 7.2, 16, 16 ],
            "rotation": { "origin": [ 8, 8, 8 ], "axis": "z", "angle": 22.5, "rescale": true },
            "shade"   : false,
            "faces"   : {
                "east": { "uv": [ 0, 0, 16, 16 ], "texture": "#leave" }
            }
        },
        {   "from"    : [  0,  0, 8.8 ],
            "to"      : [ 16, 16, 8.8 ],
            "rotation": { "origin": [ 8, 8, 8 ], "axis": "x", "angle": 22.5, "rescale": true },
            "shade"   : false,
            "faces"   : {
                "south": { "uv": [ 0, 0, 16, 16 ], "texture": "#leave" }
            }
        },
        {   "from"    : [  0,  0, 7.2 ],
            "to"      : [ 16, 16, 7.2 ],
            "rotation": { "origin": [ 8, 8, 8 ], "axis": "x", "angle": -22.5, "rescale": true },
            "shade"   : false,
            "faces"   : {
                "north": { "uv": [ 0, 0, 16, 16 ], "texture": "#leave" }
            }
        },
        {   "from"    : [ 8.8,  0,  0 ],
            "to"      : [ 8.8, 16, 16 ],
            "rotation": { "origin": [ 8, 8, 8 ], "axis": "z", "angle": 22.5, "rescale": true },
            "shade"   : false,
            "faces"   : {
                "west": { "uv": [ 0, 0, 16, 16 ], "texture": "#leave" }
            }
        },
        {   "from"    : [ 7.2,  0,  0 ],
            "to"      : [ 7.2, 16, 16 ],
            "rotation": { "origin": [ 8, 8, 8 ], "axis": "z", "angle": -22.5, "rescale": true },
            "shade"   : false,
            "faces"   : {
                "east": { "uv": [ 0, 0, 16, 16 ], "texture": "#leave" }
            }
        }
    ]
}
