{
	"__comment": "Designed by Chengzzi89 with Cubik Studio - https://cubik.studio",
	"ambientocclusion": false,
	"textures": {
		"acacia_door_bottom": "block/acacia_door_bottom",
		"acacia_door_top": "block/acacia_door_top",
		"particle": "block/acacia_door_top"
	},
	"elements": [ 	 
		{
			"from": [ 1.5, 10.5, 4.5 ],
			"to": [ 3, 14.5, 7 ],
			"faces": {
				"down": { "uv": [ 0, 14.5, 3.5, 15 ], "texture": "#acacia_door_top" },
				"up": { "uv": [ 0, 12, 3.5, 12.5 ], "texture": "#acacia_door_top" },
				"north": { "uv": [ 0.5, 12, 1, 15 ], "texture": "#acacia_door_top" },
				"south": { "uv": [ 0.5, 12, 1, 15 ], "texture": "#acacia_door_top" },
				"west": { "uv": [ 5.5, 1, 8, 5 ], "texture": "#acacia_door_top" },
				"east": { "uv": [ 9, 1.5, 11.5, 5.5 ], "texture": "#acacia_door_top" }
			}
		},
		{
			"from": [ 1.5, 0.5, 4 ],
			"to": [ 3, 10.5, 7 ],
			"faces": {
				"down": { "uv": [ 0, 14.5, 3.5, 15 ], "texture": "#acacia_door_top" },
				"up": { "uv": [ 0, 12, 3.5, 12.5 ], "texture": "#acacia_door_top" },
				"north": { "uv": [ 0.5, 12, 1, 15 ], "texture": "#acacia_door_top" },
				"south": { "uv": [ 0.5, 12, 1, 15 ], "texture": "#acacia_door_top" },
				"west": { "uv": [ 9, 5.5, 12, 15.5 ], "texture": "#acacia_door_top" },
				"east": { "uv": [ 9, 5.5, 12, 15.5 ], "texture": "#acacia_door_top" }
			}
		},
		{
			"from": [ 2, 15.43, 0 ],
			"to": [ 2.5, 16, 2.5 ],
			"faces": {
				"down": { "uv": [ 0, 14.5, 3.5, 15 ], "texture": "#acacia_door_top" },
				"up": { "uv": [ 0, 12, 3.5, 12.5 ], "texture": "#acacia_door_top" },
				"north": { "uv": [ 0.5, 12, 1, 15 ], "texture": "#acacia_door_top" },
				"south": { "uv": [ 0.5, 12, 1, 15 ], "texture": "#acacia_door_top" },
				"west": { "uv": [ 16, 0, 13.5, 0.5 ], "texture": "#acacia_door_top" },
				"east": { "uv": [ 13.5, 0, 16, 0.5 ], "texture": "#acacia_door_top" }
			}
		},
		{
			"from": [ 1.5, 0, 0 ],
			"to": [ 2.5, 15, 3.5 ],
			"faces": {
				"down": { "uv": [ 0, 14.5, 3.5, 15 ], "texture": "#acacia_door_top" },
				"up": { "uv": [ 0, 12, 3.5, 12.5 ], "texture": "#acacia_door_top" },
				"north": { "uv": [ 0.5, 12, 1, 15 ], "texture": "#acacia_door_top" },
				"south": { "uv": [ 0.5, 12, 1, 15 ], "texture": "#acacia_door_top" },
				"west": { "uv": [ 3.5, 1, 0, 16 ], "texture": "#acacia_door_top" },
				"east": { "uv": [ 12.5, 1, 16, 16 ], "texture": "#acacia_door_top" }
			}
		},
		{
			"from": [ 2.5, 15.5, 8.5 ],
			"to": [ 3, 16, 10.5 ],
			"faces": {
				"down": { "uv": [ 0, 14.5, 3.5, 15 ], "texture": "#acacia_door_top" },
				"up": { "uv": [ 0, 12, 3.5, 12.5 ], "texture": "#acacia_door_top" },
				"north": { "uv": [ 0.5, 12, 1, 15 ], "texture": "#acacia_door_top" },
				"south": { "uv": [ 0.5, 12, 1, 15 ], "texture": "#acacia_door_top" },
				"west": { "uv": [ 7.5, 0, 5.5, 0.5 ], "texture": "#acacia_door_top" },
				"east": { "uv": [ 5.5, 0, 7.5, 0.5 ], "texture": "#acacia_door_top" }
			}
		},
		{
			"from": [ 1.5, 7.5, 8 ],
			"to": [ 2.5, 15.5, 11 ],
			"faces": {
				"down": { "uv": [ 0, 14.5, 3.5, 15 ], "texture": "#acacia_door_top" },
				"up": { "uv": [ 0, 12, 3.5, 13 ], "texture": "#acacia_door_top" },
				"north": { "uv": [ 0.5, 12, 1, 15 ], "texture": "#acacia_door_top" },
				"south": { "uv": [ 0.5, 12, 1, 15 ], "texture": "#acacia_door_top" },
				"west": { "uv": [ 9, 5.5, 12, 13.5 ], "texture": "#acacia_door_top" },
				"east": { "uv": [ 5, 0.5, 8, 8.5 ], "texture": "#acacia_door_top" }
			}
		},
		{
			"from": [ 1.5, 0.5, 8.5 ],
			"to": [ 2.5, 7.5, 11 ],
			"faces": {
				"down": { "uv": [ 0, 14.5, 3.5, 15 ], "texture": "#acacia_door_top" },
				"up": { "uv": [ 0, 12, 3.5, 12.5 ], "texture": "#acacia_door_top" },
				"north": { "uv": [ 0.5, 12, 1, 15 ], "texture": "#acacia_door_top" },
				"south": { "uv": [ 0.5, 12, 1, 15 ], "texture": "#acacia_door_top" },
				"west": { "uv": [ 13.5, 4, 16, 11 ], "texture": "#acacia_door_top" },
				"east": { "uv": [ 5, 8.5, 7.5, 15.5 ], "texture": "#acacia_door_top" }
			}
		},
		{
			"from": [ 1.5, 0, 8.5 ],
			"to": [ 2.5, 0.5, 11 ],
			"faces": {
				"down": { "uv": [ 0, 14.5, 3.5, 15 ], "texture": "#acacia_door_top" },
				"up": { "uv": [ 0, 12, 3.5, 12.5 ], "texture": "#acacia_door_top" },
				"north": { "uv": [ 0.5, 12, 1, 15 ], "texture": "#acacia_door_top" },
				"south": { "uv": [ 0.5, 12, 1, 15 ], "texture": "#acacia_door_top" },
				"west": { "uv": [ 7.5, 15.5, 4.5, 16 ], "texture": "#acacia_door_top" },
				"east": { "uv": [ 5, 15.5, 7.5, 16 ], "texture": "#acacia_door_top" }
			}
		},
		{
			"from": [ 1.5, 15.5, 13.5 ],
			"to": [ 2.5, 16, 16 ],
			"faces": {
				"down": { "uv": [ 0, 14.5, 3.5, 15 ], "texture": "#acacia_door_top" },
				"up": { "uv": [ 0, 12, 3.5, 13.25 ], "texture": "#acacia_door_top" },
				"north": { "uv": [ 0.5, 12, 1, 15 ], "texture": "#acacia_door_top" },
				"south": { "uv": [ 0.5, 12, 1, 15 ], "texture": "#acacia_door_top" },
				"west": { "uv": [ 2.5, 0, 0, 0.5 ], "texture": "#acacia_door_top" },
				"east": { "uv": [ 0, 0, 2.5, 0.5 ], "texture": "#acacia_door_top" }
			}
		},
		{
			"from": [ 2, 0, 12.5 ],
			"to": [ 3, 14.5, 16 ],
			"faces": {
				"down": { "uv": [ 0, 14.5, 3.5, 15 ], "texture": "#acacia_door_top" },
				"up": { "uv": [ 0, 12, 3.5, 12.5 ], "texture": "#acacia_door_top" },
				"north": { "uv": [ 0.5, 12, 1, 15 ], "texture": "#acacia_door_top" },
				"south": { "uv": [ 0.5, 12, 1, 15 ], "texture": "#acacia_door_top" },
				"west": { "uv": [ 3.5, 1.5, 0, 16 ], "texture": "#acacia_door_top" },
				"east": { "uv": [ 0, 1.5, 3.5, 16 ], "texture": "#acacia_door_top" }
			}
		},
		{
			"from": [ 0, 0, 0 ],
			"to": [ 1.5, 2, 16 ],
			"faces": {
				"down": { "uv": [ 0, 0, 2, 16 ], "texture": "#acacia_door_top" },
				"up": { "uv": [ 0, 0, 1.5, 16 ], "texture": "#acacia_door_top" },
				"north": { "uv": [ 0, 12, 1.5, 15.5 ], "texture": "#acacia_door_top" },
				"south": { "uv": [ 0.5, 12, 2, 15 ], "texture": "#acacia_door_top" },
				"west": { "uv": [ 15.5, 0, 13.5, 16 ], "texture": "#acacia_door_bottom", "rotation": 90 },
				"east": { "uv": [ 13.5, 0, 15.5, 16 ], "texture": "#acacia_door_top", "rotation": 90 }
			}
		},
		{
			"from": [ 0, 12, 0 ],
			"to": [ 1.5, 15, 16 ],
			"faces": {
				"down": { "uv": [ 0, 0, 1.5, 16 ], "texture": "#acacia_door_top" },
				"up": { "uv": [ 14.5, 0, 16, 16 ], "texture": "#acacia_door_top" },
				"north": { "uv": [ 0.5, 12, 2, 15 ], "texture": "#acacia_door_top" },
				"south": { "uv": [ 0, 12.5, 1.5, 15 ], "texture": "#acacia_door_top" },
				"west": { "uv": [ 16, 0, 13, 16 ], "texture": "#acacia_door_bottom", "rotation": 90 },
				"east": { "uv": [ 0, 0, 3, 16 ], "texture": "#acacia_door_bottom", "rotation": 90 }
			}
		},
		{
			"from": [ 1.5, 14.5, 13 ],
			"to": [ 2.5, 15.5, 16 ],
			"faces": {
				"down": { "uv": [ 0, 14.5, 3.5, 15 ], "texture": "#acacia_door_top" },
				"up": { "uv": [ 0, 12, 3.5, 12.5 ], "texture": "#acacia_door_top" },
				"north": { "uv": [ 0.5, 12, 1, 15 ], "texture": "#acacia_door_top" },
				"south": { "uv": [ 0.5, 12, 1, 15 ], "texture": "#acacia_door_top" },
				"west": { "uv": [ 3, 0.5, 0, 1.5 ], "texture": "#acacia_door_top" },
				"east": { "uv": [ 0, 0.5, 3, 1.5 ], "texture": "#acacia_door_top" }
			}
		},
		{
			"from": [ 1.99, 14.96, 0 ],
			"to": [ 2.5, 15.46, 3 ],
			"faces": {
				"down": { "uv": [ 0, 14.5, 3.5, 15 ], "texture": "#acacia_door_top" },
				"up": { "uv": [ 0, 12, 3.5, 12.5 ], "texture": "#acacia_door_top" },
				"north": { "uv": [ 0.5, 12, 1, 15 ], "texture": "#acacia_door_top" },
				"south": { "uv": [ 0.5, 12, 1, 15 ], "texture": "#acacia_door_top" },
				"west": { "uv": [ 16, 0.5, 13, 1 ], "texture": "#acacia_door_top" },
				"east": { "uv": [ 13, 0.5, 16, 1 ], "texture": "#acacia_door_top" }
			}
		},
		{
			"from": [ 1.5, 0, 4 ],
			"to": [ 3, 0.5, 7 ],
			"faces": {
				"down": { "uv": [ 0, 14.5, 3.5, 15 ], "texture": "#acacia_door_top" },
				"up": { "uv": [ 0, 12, 3.5, 12.5 ], "texture": "#acacia_door_top" },
				"north": { "uv": [ 0.5, 12, 1, 15 ], "texture": "#acacia_door_top" },
				"south": { "uv": [ 0.5, 12, 1, 15 ], "texture": "#acacia_door_top" },
				"west": { "uv": [ 12, 15.5, 8.5, 16 ], "texture": "#acacia_door_top" },
				"east": { "uv": [ 9, 15.5, 12, 16 ], "texture": "#acacia_door_top" }
			}
		},
		{
			"from": [ 1.5, 14.49, 4.5 ],
			"to": [ 2.5, 15.53, 7 ],
			"faces": {
				"down": { "uv": [ 0, 14.5, 3.5, 15 ], "texture": "#acacia_door_top" },
				"up": { "uv": [ 0, 12, 3.5, 12.5 ], "texture": "#acacia_door_top" },
				"north": { "uv": [ 0.5, 12, 1, 15 ], "texture": "#acacia_door_top" },
				"south": { "uv": [ 0.5, 12, 1, 15 ], "texture": "#acacia_door_top" },
				"west": { "uv": [ 11, 0.5, 8.5, 1.5 ], "texture": "#acacia_door_top" },
				"east": { "uv": [ 8.5, 0.5, 11, 1.5 ], "texture": "#acacia_door_top" }
			}
		},
		{
			"from": [ 1.5, 15.5, 5 ],
			"to": [ 2.5, 16, 7 ],
			"faces": {
				"down": { "uv": [ 0, 14.5, 3.5, 15 ], "texture": "#acacia_door_top" },
				"up": { "uv": [ 0, 12, 3.5, 13 ], "texture": "#acacia_door_top" },
				"north": { "uv": [ 0.5, 12, 1, 15 ], "texture": "#acacia_door_top" },
				"south": { "uv": [ 0.5, 12, 1, 15 ], "texture": "#acacia_door_top" },
				"west": { "uv": [ 10.5, 0, 8.5, 0.5 ], "texture": "#acacia_door_top" },
				"east": { "uv": [ 8.5, 0, 10.5, 0.5 ], "texture": "#acacia_door_top" }
			}
		}
	]
}