{
	"__comment": "This model was created with freundTech's Blender2Minecraft converter (BETA)",
	"ambientocclusion": false,
	"textures": {
		"door_wood_upper": "block/oak_door_top",
		"particle": "block/oak_door_top"
	},
	"elements": [ 	 
		{
			"__comment": "Elem_0",
			"from": [ 0.5, 0.5, 7.5 ],
			"to": [ 2.5, 15.5, 8.5 ],
			"faces": {
				"down": { "uv": [ 13, 13, 16, 16 ], "texture": "#door_wood_upper", "rotation": 90 },
				"up": { "uv": [ 13, 13, 16, 16 ], "texture": "#door_wood_upper" },
				"north": { "uv": [ 0.5, 0.5, 2.5, 15.5 ], "texture": "#door_wood_upper", "rotation": 180 },
				"south": { "uv": [ 0.5, 0.5, 2.5, 15.5 ], "texture": "#door_wood_upper", "rotation": 180 },
				"west": { "uv": [ 7.5, 0.5, 8.5, 15.5 ], "texture": "#door_wood_upper" },
				"east": { "uv": [ 8.5, 0.5, 7.5, 15.5 ], "texture": "#door_wood_upper" }
			}
		},
		{
			"__comment": "Elem_0",
			"from": [ 0, 13, 3 ],
			"to": [ 3, 16, 13 ],
			"faces": {
				"down": { "uv": [ 13, 0, 3, 3 ], "texture": "#door_wood_upper", "rotation": 270 },
				"up": { "uv": [ 0, 3, 3, 13 ], "texture": "#door_wood_upper" },
				"north": { "uv": [ 0, 0, 3, 16 ], "texture": "#door_wood_upper", "rotation": 180 },
				"south": { "uv": [ 0, 0, 3, 16 ], "texture": "#door_wood_upper", "rotation": 180 },
				"west": { "uv": [ 13, 0, 3, 3 ], "texture": "#door_wood_upper" },
				"east": { "uv": [ 13, 0, 3, 3 ], "texture": "#door_wood_upper" }
			}
		},
		{
			"__comment": "Elem_0",
			"from": [ 0, 0, 3 ],
			"to": [ 3, 1, 13 ],
			"faces": {
				"down": { "uv": [ 13, 13, 16, 16 ], "texture": "#door_wood_upper", "rotation": 90 },
				"up": { "uv": [ 13, 3, 16, 13 ], "texture": "#door_wood_upper" },
				"north": { "uv": [ 0, 0, 3, 16 ], "texture": "#door_wood_upper", "rotation": 180 },
				"south": { "uv": [ 0, 0, 3, 16 ], "texture": "#door_wood_upper", "rotation": 180 },
				"west": { "uv": [ 13, 15, 3, 16 ], "texture": "#door_wood_upper" },
				"east": { "uv": [ 13, 15, 3, 16 ], "texture": "#door_wood_upper" }
			}
		},
		{
			"__comment": "Elem_0",
			"from": [ 0.5, 6.5, 2.5 ],
			"to": [ 2.5, 7.5, 13.5 ],
			"faces": {
				"down": { "uv": [ 2.5, 0.5, 13.5, 2.5 ], "texture": "#door_wood_upper", "rotation": 90 },
				"up": { "uv": [ 13.5, 2.5, 15.5, 13.5 ], "texture": "#door_wood_upper" },
				"north": { "uv": [ 0, 0, 3, 16 ], "texture": "#door_wood_upper", "rotation": 180 },
				"south": { "uv": [ 0, 0, 3, 16 ], "texture": "#door_wood_upper", "rotation": 180 },
				"west": { "uv": [ 2.5, 8.5, 13.5, 9.5 ], "texture": "#door_wood_upper" },
				"east": { "uv": [ 13.5, 8.5, 2.5, 9.5 ], "texture": "#door_wood_upper" }
			}
		},
		{
			"__comment": "Box7",
			"from": [ 0, 0, 0 ],
			"to": [ 3, 16, 3 ],
			"faces": {
				"down": { "uv": [ 0, 13, 3, 16 ], "texture": "#particle" },
				"up": { "uv": [ 0, 0, 3, 3 ], "texture": "#particle" },
				"north": { "uv": [ 13, 0, 16, 16 ], "texture": "#particle" },
				"south": { "uv": [ 0, 0, 3, 16 ], "texture": "#particle" },
				"west": { "uv": [ 0, 0, 3, 16 ], "texture": "#particle" },
				"east": { "uv": [ 13, 0, 16, 16 ], "texture": "#particle" }
			}
		},
		{
			"__comment": "Box8",
			"from": [ 0, 0, 13 ],
			"to": [ 3, 16, 16 ],
			"faces": {
				"down": { "uv": [ 0, 0, 3, 3 ], "texture": "#particle" },
				"up": { "uv": [ 0, 13, 3, 16 ], "texture": "#particle" },
				"north": { "uv": [ 13, 0, 16, 16 ], "texture": "#particle" },
				"south": { "uv": [ 0, 0, 3, 16 ], "texture": "#particle" },
				"west": { "uv": [ 13, 0, 16, 16 ], "texture": "#particle" },
				"east": { "uv": [ 0, 0, 3, 16 ], "texture": "#particle" }
			}
		}
	]
}