{
    "__createdwith": "opl's Model Creator",
    "ambientocclusion": false,
    "textures": {
        "iron_door_top": "blocks/door_iron_upper",
        "particle": "blocks/iron_bars",
        "lock_side": "blocks/door_iron_lock_side",
        "iron_door_bottom": "blocks/door_iron_lower"
    },
    "elements": [
        {
            "from": [0.5,11.5,0],
            "to": [2.5,13,16],
            "faces": {
                "up": {
                    "uv": [0,7,16,8.5],
                    "texture": "#iron_door_bottom",
                    "rotation": 270
                },
                "down": {
                    "uv": [0,3,16,4.5],
                    "texture": "#iron_door_top",
                    "rotation": 90
                },
                "west": {
                    "uv": [0,3,15,4.5],
                    "texture": "#iron_door_top"
                },
                "east": {
                    "uv": [16,3,0,4.5],
                    "texture": "#iron_door_top"
                },
                "north": {
                    "uv": [0,3,2,4.5],
                    "texture": "#iron_door_top"
                },
                "south": {
                    "texture": "#iron_door_top"
                }
            }
        },
        {
            "from": [1,0.5,2],
            "to": [2,3.5,3],
            "faces": {
                "up": {
                    "uv": [6,2,7,3],
                    "texture": "#iron_door_top"
                },
                "down": {
                    "uv": [1.5,2,2.5,3],
                    "texture": "#iron_door_top"
                },
                "west": {
                    "texture": "#iron_door_top"
                },
                "east": {
                    "texture": "#iron_door_top"
                },
                "north": {
                    "uv": [2,12.5,3,15.5],
                    "texture": "#iron_door_top"
                },
                "south": {
                    "uv": [2,12.5,3,15.5],
                    "texture": "#iron_door_top"
                }
            }
        },
        {
            "from": [1,0,5],
            "to": [2,3.5,6],
            "faces": {
                "up": {
                    "uv": [3.75,3.5,4.75,4.5],
                    "texture": "#iron_door_top"
                },
                "down": {
                    "uv": [6,3.5,7,4.5],
                    "texture": "#iron_door_top"
                },
                "west": {
                    "texture": "#iron_door_top"
                },
                "east": {
                    "texture": "#iron_door_top"
                },
                "north": {
                    "uv": [5,12.5,6,16],
                    "texture": "#iron_door_top"
                },
                "south": {
                    "uv": [5,12.5,6,16],
                    "texture": "#iron_door_top"
                }
            }
        },
        {
            "from": [1,0,1.5],
            "to": [2,0.5,2.5],
            "faces": {
                "up": {
                    "uv": [2,3,3,4],
                    "texture": "#iron_door_top"
                },
                "down": {
                    "uv": [10.25,3.25,11.25,4.25],
                    "texture": "#iron_door_top"
                },
                "west": {
                    "texture": "#iron_door_top"
                },
                "east": {
                    "texture": "#iron_door_top"
                },
                "north": {
                    "uv": [10.5,15.5,11.5,16],
                    "texture": "#iron_door_bottom"
                },
                "south": {
                    "uv": [10.25,3.75,11.25,4.25],
                    "texture": "#iron_door_top"
                }
            }
        },
        {
            "from": [0.5,8,0],
            "to": [2.5,8.5,1],
            "faces": {
                "up": {
                    "uv": [8.25,3.75,10.25,4.75],
                    "texture": "#lock_side"
                },
                "down": {
                    "uv": [5,11.5,7,12.5],
                    "texture": "#lock_side"
                },
                "west": {
                    "texture": "#iron_door_top"
                },
                "east": {
                    "texture": "#iron_door_top"
                },
                "north": {
                    "uv": [4.5,7.75,6.5,8.25],
                    "texture": "#iron_door_bottom"
                }
            }
        },
        {
            "from": [1,9,9.5],
            "to": [2,14.5,10.5],
            "faces": {
                "up": {
                    "uv": [2.25,7.5,3.25,8.5],
                    "texture": "#iron_door_bottom"
                },
                "down": {
                    "uv": [4,8.5,5,9.5],
                    "texture": "#iron_door_bottom"
                },
                "west": {
                    "texture": "#iron_door_top"
                },
                "east": {
                    "texture": "#iron_door_top"
                },
                "north": {
                    "uv": [9.5,1.5,10.5,7],
                    "texture": "#iron_door_top"
                },
                "south": {
                    "uv": [9.5,1.5,10.5,7],
                    "texture": "#iron_door_top"
                }
            }
        },
        {
            "from": [1,13,13],
            "to": [2,14.5,14],
            "faces": {
                "up": {
                    "uv": [2,12.5,3,13.5],
                    "texture": "#iron_door_top"
                },
                "down": {
                    "uv": [10,10.5,11,11.5],
                    "texture": "#iron_door_bottom"
                },
                "west": {
                    "texture": "#iron_door_top"
                },
                "east": {
                    "texture": "#iron_door_top"
                },
                "north": {
                    "uv": [13.5,2.5,14.5,9.5],
                    "texture": "#iron_door_bottom"
                },
                "south": {
                    "uv": [13,1.5,14,3],
                    "texture": "#iron_door_top"
                }
            }
        },
        {
            "from": [1,13,6],
            "to": [2,14.5,7],
            "faces": {
                "up": {
                    "uv": [5.25,3.5,6.25,4.5],
                    "texture": "#iron_door_top"
                },
                "down": {
                    "texture": "missingtexture"
                },
                "west": {
                    "texture": "#iron_door_top"
                },
                "east": {
                    "texture": "#iron_door_top"
                },
                "north": {
                    "uv": [6,1.5,7,3],
                    "texture": "#iron_door_top"
                },
                "south": {
                    "uv": [6,1.5,7,3],
                    "texture": "#iron_door_top"
                }
            }
        },
        {
            "from": [1,3.5,5.5],
            "to": [2,11.5,6.5],
            "faces": {
                "up": {
                    "uv": [0.5,1,1.5,2],
                    "texture": "#iron_door_bottom"
                },
                "down": {
                    "uv": [5,3.5,6,4.5],
                    "texture": "#iron_door_top"
                },
                "west": {
                    "texture": "#iron_door_top"
                },
                "east": {
                    "uv": [6.5,4.5,5.5,12.5],
                    "texture": "#iron_door_top"
                },
                "north": {
                    "uv": [5.5,4.5,6.5,12.5],
                    "texture": "#iron_door_top"
                },
                "south": {
                    "uv": [5.5,4.5,6.5,12.5],
                    "texture": "#iron_door_top"
                }
            }
        },
        {
            "from": [1,3.5,1.5],
            "to": [2,14.5,2.5],
            "faces": {
                "up": {
                    "uv": [1,1,2,2],
                    "texture": "#iron_door_bottom"
                },
                "down": {
                    "uv": [9.5,2.5,10.5,3.5],
                    "texture": "#iron_door_bottom"
                },
                "west": {
                    "texture": "#iron_door_top"
                },
                "east": {
                    "uv": [2.5,1.5,1.5,12.5],
                    "texture": "#iron_door_top"
                },
                "north": {
                    "uv": [1.5,1.5,2.5,12.5],
                    "texture": "#iron_door_top"
                },
                "south": {
                    "uv": [0,2.5,1,13.5],
                    "texture": "#lock_side"
                }
            }
        },
        {
            "from": [1,4.5,10],
            "to": [2,9,11],
            "faces": {
                "up": {
                    "uv": [8,3.5,9,4.5],
                    "texture": "#iron_door_top"
                },
                "down": {
                    "uv": [1.5,10.25,2.5,11.25],
                    "texture": "#iron_door_top"
                },
                "west": {
                    "texture": "#iron_door_top"
                },
                "east": {
                    "uv": [11,7,10,11.5],
                    "texture": "#iron_door_top"
                },
                "north": {
                    "uv": [10,7,11,11.5],
                    "texture": "#iron_door_top"
                },
                "south": {
                    "uv": [10,7,11,11.5],
                    "texture": "#iron_door_top"
                }
            }
        },
        {
            "from": [1,0,9.5],
            "to": [2,4.5,10.5],
            "faces": {
                "up": {
                    "uv": [11,10.5,10,11.5],
                    "texture": "#iron_door_bottom"
                },
                "down": {
                    "uv": [1.5,9.75,2.5,10.75],
                    "texture": "#iron_door_top"
                },
                "west": {
                    "texture": "#iron_door_top"
                },
                "east": {
                    "texture": "#iron_door_top"
                },
                "north": {
                    "uv": [9.5,11.5,10.5,16],
                    "texture": "#iron_door_top"
                },
                "south": {
                    "uv": [9.5,11.5,10.5,16],
                    "texture": "#iron_door_top"
                }
            }
        },
        {
            "from": [0.5,9.5,0],
            "to": [2.5,10,1],
            "faces": {
                "up": {
                    "uv": [9,11.5,11,12.5],
                    "texture": "#lock_side"
                },
                "down": {
                    "uv": [9,4.5,11,5.5],
                    "texture": "#lock_side"
                },
                "west": {
                    "texture": "#iron_door_top"
                },
                "east": {
                    "texture": "#iron_door_top"
                },
                "north": {
                    "uv": [3,7.5,5,8],
                    "texture": "#iron_door_bottom"
                }
            }
        },
        {
            "from": [1,8.5,0],
            "to": [2,9.5,1],
            "faces": {
                "west": {
                    "texture": "#iron_door_top"
                },
                "east": {
                    "texture": "#iron_door_top"
                },
                "north": {
                    "uv": [0,6.5,1,7.5],
                    "texture": "#iron_door_top"
                }
            }
        },
        {
            "from": [0.5,8,1],
            "to": [2.5,10,2],
            "faces": {
                "up": {
                    "uv": [9.5,12.5,11.5,13.5],
                    "texture": "#lock_side"
                },
                "down": {
                    "uv": [5,12.5,7,13.5],
                    "texture": "#lock_side"
                },
                "west": {
                    "texture": "#iron_door_top"
                },
                "east": {
                    "texture": "#iron_door_top"
                },
                "north": {
                    "uv": [5.75,3.5,7.75,5.5],
                    "texture": "#lock_side"
                },
                "south": {
                    "uv": [7,11.5,9,13.5],
                    "texture": "#lock_side"
                }
            }
        },
        {
            "from": [1,10,13.5],
            "to": [2,11.5,14.5],
            "faces": {
                "down": {
                    "uv": [10,10.5,11,11.5],
                    "texture": "#iron_door_bottom"
                },
                "west": {
                    "uv": [13,1.5,14,3],
                    "texture": "#iron_door_top"
                },
                "east": {
                    "texture": "#iron_door_bottom"
                },
                "north": {
                    "uv": [13.5,2.5,14.5,9.5],
                    "texture": "#iron_door_bottom"
                },
                "south": {
                    "uv": [13.5,4.5,14.5,6],
                    "texture": "#iron_door_top"
                }
            }
        },
        {
            "from": [1,3.5,14],
            "to": [2,10,15],
            "faces": {
                "up": {
                    "uv": [5.5,8.75,6.5,9.75],
                    "texture": "#iron_door_top"
                },
                "down": {
                    "uv": [10,10.5,11,11.5],
                    "texture": "#iron_door_bottom"
                },
                "west": {
                    "texture": "#iron_door_top"
                },
                "east": {
                    "uv": [15,6,14,12.5],
                    "texture": "#iron_door_top"
                },
                "north": {
                    "uv": [14,6,15,12.5],
                    "texture": "#iron_door_top"
                },
                "south": {
                    "uv": [14,6,15,12.5],
                    "texture": "#iron_door_top"
                }
            }
        },
        {
            "from": [1,0.5,13.5],
            "to": [2,3.5,14.5],
            "faces": {
                "up": {
                    "uv": [10,10.5,11,11.5],
                    "texture": "#iron_door_top"
                },
                "down": {
                    "uv": [10,10.5,11,11.5],
                    "texture": "#iron_door_top"
                },
                "west": {
                    "texture": "#iron_door_top"
                },
                "east": {
                    "texture": "#iron_door_top"
                },
                "north": {
                    "uv": [13.5,12.5,14.5,15.5],
                    "texture": "#iron_door_top"
                },
                "south": {
                    "uv": [13.5,12.5,14.5,15.5],
                    "texture": "#iron_door_top"
                }
            }
        },
        {
            "from": [0.5,0,13.5],
            "to": [2.5,0.5,14.5],
            "faces": {
                "up": {
                    "uv": [7,0,9,1.25],
                    "texture": "#lock_side"
                },
                "down": {
                    "uv": [8,0,10,1],
                    "texture": "#lock_side"
                },
                "west": {
                    "texture": "#iron_door_top"
                },
                "east": {
                    "texture": "#iron_door_top"
                },
                "north": {
                    "uv": [7.5,2.5,9.5,3],
                    "texture": "#lock_side"
                },
                "south": {
                    "uv": [5.75,2.5,7.75,3],
                    "texture": "#lock_side"
                }
            }
        }
    ]
}