{
    "__createdwith": "opl's Model Creator",
    "ambientocclusion": false,
    "textures": {
        "iron_door_top": "blocks/door_iron_upper",
        "particle": "blocks/iron_bars",
        "iron_door_bottom": "blocks/door_iron_lower",
        "lock_side": "blocks/door_iron_lock_side"
    },
    "elements": [
        {
            "from": [0.5,14,0],
            "to": [2.5,15.5,15],
            "faces": {
                "up": {
                    "uv": [0,7,16,8.5],
                    "texture": "#iron_door_bottom",
                    "rotation": 270
                },
                "down": {
                    "uv": [0,7,16,8.5],
                    "texture": "#iron_door_bottom",
                    "rotation": 90
                },
                "west": {
                    "texture": "#iron_door_bottom"
                },
                "east": {
                    "uv": [15,0.5,0,2],
                    "texture": "#iron_door_bottom"
                },
                "north": {
                    "texture": "#iron_door_bottom"
                },
                "south": {
                    "texture": "missingtexture"
                }
            }
        },
        {
            "from": [0.5,7.5,0],
            "to": [2.5,9,16],
            "faces": {
                "up": {
                    "uv": [0,7,16,8.5],
                    "texture": "#iron_door_bottom",
                    "rotation": 270
                },
                "down": {
                    "uv": [0,7,16,8.5],
                    "texture": "#iron_door_bottom",
                    "rotation": 90
                },
                "west": {
                    "texture": "#iron_door_bottom"
                },
                "east": {
                    "texture": "#iron_door_bottom"
                },
                "north": {
                    "texture": "#iron_door_bottom"
                },
                "south": {
                    "texture": "#iron_door_bottom"
                }
            }
        },
        {
            "from": [0.5,0.5,0],
            "to": [2.5,2,16],
            "faces": {
                "up": {
                    "uv": [0,7,16,8.5],
                    "texture": "#iron_door_bottom",
                    "rotation": 270
                },
                "down": {
                    "uv": [0,14,16,15.5],
                    "texture": "#iron_door_bottom",
                    "rotation": 90
                },
                "west": {
                    "texture": "#iron_door_bottom"
                },
                "east": {
                    "texture": "#iron_door_bottom"
                },
                "north": {
                    "texture": "#iron_door_bottom"
                },
                "south": {
                    "texture": "#iron_door_bottom"
                }
            }
        },
        {
            "from": [0.5,4,1],
            "to": [2.5,6,2],
            "faces": {
                "up": {
                    "uv": [9.5,12.5,11.5,13.5],
                    "texture": "#lock_side"
                },
                "down": {
                    "uv": [5,12.5,7,13.5],
                    "texture": "#lock_side"
                },
                "west": {
                    "texture": "#iron_door_bottom"
                },
                "east": {
                    "texture": "#iron_door_bottom"
                },
                "north": {
                    "uv": [5.75,3.5,7.75,5.5],
                    "texture": "#lock_side"
                },
                "south": {
                    "uv": [7,11.5,9,13.5],
                    "texture": "#lock_side"
                }
            }
        },
        {
            "from": [1,0,1.5],
            "to": [2,7.5,2.5],
            "faces": {
                "down": {
                    "uv": [1.5,2,2.5,3],
                    "texture": "#iron_door_bottom"
                },
                "west": {
                    "texture": "#iron_door_bottom"
                },
                "east": {
                    "texture": "#iron_door_bottom"
                },
                "north": {
                    "uv": [1.5,8.5,2.5,16],
                    "texture": "#iron_door_bottom"
                },
                "south": {
                    "uv": [4,8.5,5,16],
                    "texture": "#iron_door_bottom"
                }
            }
        },
        {
            "from": [1,0,4],
            "to": [2,7.5,5],
            "faces": {
                "down": {
                    "uv": [4.5,2,5.5,3],
                    "texture": "#iron_door_bottom"
                },
                "west": {
                    "texture": "#iron_door_bottom"
                },
                "east": {
                    "texture": "#iron_door_bottom"
                },
                "north": {
                    "uv": [4,8.5,5,16],
                    "texture": "#iron_door_bottom"
                },
                "south": {
                    "uv": [4,8.5,5,16],
                    "texture": "#iron_door_bottom"
                }
            }
        },
        {
            "from": [1,0,10.5],
            "to": [2,0.5,11.5],
            "faces": {
                "down": {
                    "uv": [9.5,8.5,10.5,9.5],
                    "texture": "#iron_door_bottom"
                },
                "west": {
                    "texture": "#iron_door_bottom"
                },
                "east": {
                    "texture": "#iron_door_bottom"
                },
                "north": {
                    "uv": [10.5,15.5,11.5,16],
                    "texture": "#iron_door_bottom"
                },
                "south": {
                    "uv": [10.5,15.5,11.5,16],
                    "texture": "#iron_door_bottom"
                }
            }
        },
        {
            "from": [0.5,5.5,0],
            "to": [2.5,6,1],
            "faces": {
                "up": {
                    "uv": [9,11.5,11,12.5],
                    "texture": "#lock_side"
                },
                "down": {
                    "uv": [9,4.5,11,5.5],
                    "texture": "#lock_side"
                },
                "west": {
                    "texture": "#iron_door_bottom"
                },
                "east": {
                    "texture": "#iron_door_bottom"
                },
                "north": {
                    "uv": [3,7.5,5,8],
                    "texture": "#iron_door_bottom"
                }
            }
        },
        {
            "from": [0.5,4,0],
            "to": [2.5,4.5,1],
            "faces": {
                "up": {
                    "uv": [8.25,3.75,10.25,4.75],
                    "texture": "#lock_side"
                },
                "down": {
                    "uv": [5,11.5,7,12.5],
                    "texture": "#lock_side"
                },
                "west": {
                    "texture": "#iron_door_bottom"
                },
                "east": {
                    "texture": "#iron_door_bottom"
                },
                "north": {
                    "uv": [4.5,7.75,6.5,8.25],
                    "texture": "#iron_door_bottom"
                }
            }
        },
        {
            "from": [1,4.5,0],
            "to": [2,5.5,1],
            "faces": {
                "west": {
                    "texture": "#iron_door_bottom"
                },
                "east": {
                    "texture": "#iron_door_bottom"
                },
                "north": {
                    "uv": [9.5,2,10.5,3],
                    "texture": "#iron_door_bottom"
                }
            }
        },
        {
            "from": [1,5.5,9.5],
            "to": [2,16,10.5],
            "faces": {
                "up": {
                    "uv": [2.25,7.5,3.25,8.5],
                    "texture": "#iron_door_bottom"
                },
                "down": {
                    "uv": [4,8.5,5,9.5],
                    "texture": "#iron_door_bottom"
                },
                "west": {
                    "texture": "#iron_door_bottom"
                },
                "east": {
                    "texture": "#iron_door_bottom"
                },
                "north": {
                    "uv": [9.5,0,10.5,10.5],
                    "texture": "#iron_door_bottom"
                },
                "south": {
                    "uv": [9.5,0,10.5,10.5],
                    "texture": "#iron_door_bottom"
                }
            }
        },
        {
            "from": [1,6.5,13.5],
            "to": [2,13.5,14.5],
            "faces": {
                "down": {
                    "uv": [10,10.5,11,11.5],
                    "texture": "#iron_door_bottom"
                },
                "west": {
                    "uv": [13.5,2.5,14.5,9.5],
                    "texture": "#iron_door_bottom"
                },
                "east": {
                    "texture": "#iron_door_bottom"
                },
                "north": {
                    "uv": [13.5,2.5,14.5,9.5],
                    "texture": "#iron_door_bottom"
                },
                "south": {
                    "uv": [13.5,2,14.5,9.5],
                    "texture": "#iron_door_bottom"
                }
            }
        },
        {
            "from": [1,9,4.5],
            "to": [2,14,5.5],
            "faces": {
                "down": {
                    "texture": "missingtexture"
                },
                "west": {
                    "texture": "#iron_door_bottom"
                },
                "east": {
                    "texture": "#iron_door_bottom"
                },
                "north": {
                    "uv": [4.5,2,5.5,7],
                    "texture": "#iron_door_bottom"
                },
                "south": {
                    "uv": [4.5,2,5.5,7],
                    "texture": "#iron_door_bottom"
                }
            }
        },
        {
            "from": [1,9,2],
            "to": [2,11.5,3],
            "faces": {
                "up": {
                    "uv": [0.5,1,1.5,2],
                    "texture": "#iron_door_bottom"
                },
                "down": {
                    "texture": "missingtexture"
                },
                "west": {
                    "texture": "#iron_door_bottom"
                },
                "east": {
                    "texture": "#iron_door_bottom"
                },
                "north": {
                    "uv": [2,4.5,3,7],
                    "texture": "#iron_door_bottom"
                },
                "south": {
                    "uv": [2,4.5,3,7],
                    "texture": "#iron_door_bottom"
                }
            }
        },
        {
            "from": [1,11.5,1.5],
            "to": [2,16,2.5],
            "faces": {
                "up": {
                    "uv": [1,1,2,2],
                    "texture": "#iron_door_bottom"
                },
                "down": {
                    "uv": [9.5,2.5,10.5,3.5],
                    "texture": "#iron_door_bottom"
                },
                "west": {
                    "texture": "#iron_door_bottom"
                },
                "east": {
                    "texture": "#iron_door_bottom"
                },
                "north": {
                    "uv": [1.5,0,2.5,4.5],
                    "texture": "#iron_door_bottom"
                },
                "south": {
                    "uv": [1.5,0,2.5,4.5],
                    "texture": "#iron_door_bottom"
                }
            }
        },
        {
            "from": [1,2,10],
            "to": [2,5.5,11],
            "faces": {
                "up": {
                    "uv": [7.75,7.5,8.75,8.5],
                    "texture": "#iron_door_bottom"
                },
                "down": {
                    "texture": "missingtexture"
                },
                "west": {
                    "texture": "#iron_door_bottom"
                },
                "east": {
                    "texture": "#iron_door_bottom"
                },
                "north": {
                    "uv": [10,10.5,11,14],
                    "texture": "#iron_door_bottom"
                },
                "south": {
                    "uv": [10,10.5,11,14],
                    "texture": "#iron_door_bottom"
                }
            }
        },
        {
            "from": [1,2,13],
            "to": [2,6.5,14],
            "faces": {
                "up": {
                    "uv": [11,10.5,10,11.5],
                    "texture": "#iron_door_bottom"
                },
                "down": {
                    "texture": "missingtexture"
                },
                "west": {
                    "uv": [13,9.5,14,14],
                    "texture": "#iron_door_bottom"
                },
                "east": {
                    "texture": "#iron_door_bottom"
                },
                "north": {
                    "uv": [13,9.5,14,14],
                    "texture": "#iron_door_bottom"
                },
                "south": {
                    "uv": [13,9.5,14,14],
                    "texture": "#iron_door_bottom"
                }
            }
        },
        {
            "from": [1,15.5,5],
            "to": [2,16,6],
            "faces": {
                "up": {
                    "uv": [2,5,3,6],
                    "texture": "#iron_door_bottom"
                },
                "down": {
                    "texture": "missingtexture"
                },
                "west": {
                    "texture": "#iron_door_bottom"
                },
                "east": {
                    "texture": "#iron_door_bottom"
                },
                "north": {
                    "uv": [5,0,6,0.5],
                    "texture": "#iron_door_bottom"
                },
                "south": {
                    "uv": [5,0,6,0.5],
                    "texture": "#iron_door_bottom"
                }
            }
        },
        {
            "from": [0,15.5,13],
            "to": [3,16,15],
            "faces": {
                "up": {
                    "uv": [5.5,11.5,8.5,13.5],
                    "texture": "#lock_side"
                },
                "down": {
                    "uv": [7.25,11.5,10.25,13.5],
                    "texture": "#lock_side"
                },
                "west": {
                    "texture": "#iron_door_bottom"
                },
                "east": {
                    "texture": "#iron_door_bottom"
                }
            }
        },
        {
            "from": [0,14,13],
            "to": [3,14.5,15],
            "faces": {
                "up": {
                    "uv": [6.25,3,9.25,5],
                    "texture": "#lock_side"
                },
                "west": {
                    "texture": "#iron_door_bottom"
                },
                "east": {
                    "texture": "#iron_door_bottom"
                }
            }
        },
        {
            "from": [0,13.5,13],
            "to": [3,14,15],
            "faces": {
                "down": {
                    "uv": [6.75,11.5,9.75,13.5],
                    "texture": "#lock_side"
                },
                "west": {
                    "texture": "#iron_door_bottom"
                },
                "east": {
                    "texture": "#iron_door_bottom"
                },
                "north": {
                    "uv": [12.5,2,15.5,2.5],
                    "texture": "#iron_door_bottom"
                },
                "south": {
                    "uv": [12.5,2,15.5,2.5],
                    "texture": "#iron_door_bottom"
                }
            }
        },
        {
            "from": [0,14,15],
            "to": [3,16,15.5],
            "faces": {
                "up": {
                    "uv": [5.5,13,8.5,13.5],
                    "texture": "#lock_side"
                },
                "down": {
                    "texture": "#iron_door_bottom"
                },
                "west": {
                    "texture": "#iron_door_bottom"
                },
                "east": {
                    "texture": "#iron_door_bottom"
                },
                "north": {
                    "texture": "#lock_side"
                },
                "south": {
                    "uv": [6.25,11.5,9.25,13.5],
                    "texture": "#lock_side"
                }
            }
        },
        {
            "from": [0.5,13.5,12.5],
            "to": [2.5,14,13],
            "faces": {
                "down": {
                    "uv": [4,14.5,6,15],
                    "texture": "#iron_door_bottom"
                },
                "west": {
                    "texture": "#iron_door_bottom"
                },
                "east": {
                    "texture": "#iron_door_bottom"
                },
                "north": {
                    "uv": [13,2,15,2.5],
                    "texture": "#iron_door_bottom"
                }
            }
        },
        {
            "from": [0,14,12.5],
            "to": [3,16,13],
            "faces": {
                "up": {
                    "uv": [5.5,12,8.5,12.5],
                    "texture": "#lock_side"
                },
                "down": {
                    "uv": [1.75,14.25,4.75,14.75],
                    "texture": "#iron_door_bottom"
                },
                "west": {
                    "texture": "#iron_door_bottom"
                },
                "east": {
                    "texture": "#iron_door_bottom"
                },
                "north": {
                    "uv": [5.75,11.5,8.75,13.5],
                    "texture": "#lock_side"
                },
                "south": {
                    "texture": "#lock_side"
                }
            }
        },
        {
            "from": [0.5,13.5,15],
            "to": [2.5,14,15.5],
            "faces": {
                "down": {
                    "texture": "#iron_door_bottom"
                },
                "west": {
                    "texture": "#iron_door_bottom"
                },
                "east": {
                    "texture": "#iron_door_bottom"
                },
                "south": {
                    "uv": [13,2,15,2.5],
                    "texture": "#iron_door_bottom"
                }
            }
        },
        {
            "from": [1,0,12.5],
            "to": [2,0.5,13.5],
            "faces": {
                "down": {
                    "uv": [13.5,8.5,14.5,9.5],
                    "texture": "#iron_door_bottom"
                },
                "west": {
                    "texture": "#iron_door_bottom"
                },
                "east": {
                    "texture": "#iron_door_bottom"
                },
                "north": {
                    "uv": [12.5,15.5,13.5,16],
                    "texture": "#iron_door_bottom"
                },
                "south": {
                    "uv": [12.5,15.5,13.5,16],
                    "texture": "#iron_door_bottom"
                }
            }
        }
    ]
}