{
    "parent": "block/cross",
    "textures": {
        "cross": "block/beetroots_stage2"
    },
    "elements": [
        {   "from": [ 0.8, -1, 8 ],
            "to": [ 15.2, 15, 8 ],
            "rotation": { "origin": [ 8, 8, 8 ], "axis": "y", "angle": 45, "rescale": true },
            "shade": false,
            "faces": {
                "north": { "uv": [ 16, 0, 0, 16 ], "texture": "#cross" },
                "south": { "uv": [ 0, 0, 16, 16 ], "texture": "#cross" }
            }
        },
        {   "from": [ 8, -1, 0.8 ],
            "to": [ 8, 15, 15.2 ],
            "rotation": { "origin": [ 8, 8, 8 ], "axis": "y", "angle": 45, "rescale": true },
            "shade": false,
            "faces": {
                "west": { "uv": [ 0, 0, 16, 16 ], "texture": "#cross" },
                "east": { "uv": [ 16, 0, 0, 16 ], "texture": "#cross" }
            }
        }
    ]
}
