{
	"credit": "Made with Blockbench",
	"textures": {
		"0": "block/brewing_stand",
		"1": "block/brewing_stand_base",
		"particle": "block/brewing_stand"
	},
	"elements": [
		{
			"from": [2, 0, 9],
			"to": [8, 2, 15],
			"faces": {
				"north": {"uv": [5, 14, 11, 16], "texture": "#1"},
				"east": {"uv": [4.5, 14, 10.5, 16], "texture": "#1"},
				"south": {"uv": [5, 14, 11, 16], "texture": "#1"},
				"west": {"uv": [5, 14, 11, 16], "texture": "#1"},
				"up": {"uv": [2, 9.5, 8, 15.5], "texture": "#1"},
				"down": {"uv": [9, 5, 15, 11], "texture": "#1"}
			}
		},
		{
			"from": [2, 0, 1],
			"to": [8, 2, 7],
			"faces": {
				"north": {"uv": [5, 14, 11, 16], "texture": "#1"},
				"east": {"uv": [4.5, 14, 10.5, 16], "texture": "#1"},
				"south": {"uv": [5, 14, 11, 16], "texture": "#1"},
				"west": {"uv": [5, 14, 11, 16], "texture": "#1"},
				"up": {"uv": [2, 1, 8, 7], "texture": "#1"},
				"down": {"uv": [9, 5, 15, 11], "texture": "#1"}
			}
		},
		{
			"from": [9, 0, 5],
			"to": [15, 2, 11],
			"faces": {
				"north": {"uv": [5, 14, 11, 16], "texture": "#1"},
				"east": {"uv": [4.5, 14, 10.5, 16], "texture": "#1"},
				"south": {"uv": [5, 14, 11, 16], "texture": "#1"},
				"west": {"uv": [5, 14, 11, 16], "texture": "#1"},
				"up": {"uv": [9, 5, 15, 11], "texture": "#1"},
				"down": {"uv": [9, 5, 15, 11], "texture": "#1"}
			}
		},
		{
			"from": [7, 0, 7],
			"to": [9, 14, 9],
			"faces": {
				"north": {"uv": [7, 2, 9, 16], "texture": "#0"},
				"east": {"uv": [7, 2, 9, 16], "texture": "#0"},
				"south": {"uv": [7, 2, 9, 16], "texture": "#0"},
				"west": {"uv": [7, 2, 9, 16], "texture": "#0"},
				"up": {"uv": [7, 14, 9, 16], "texture": "#0"},
				"down": {"uv": [7, 14, 9, 16], "texture": "#0"}
			}
		},
		{
			"from": [8, 0, 0],
			"to": [8, 16, 7],
			"rotation": {"angle": 45, "axis": "y", "origin": [8, 8, 8]},
			"faces": {
				"east": {"uv": [9, 0, 16, 16], "texture": "#0"},
				"west": {"uv": [16, 0, 9, 16], "texture": "#0"}
			}
		},
		{
			"from": [8, 0, 9],
			"to": [8, 16, 16],
			"rotation": {"angle": -45, "axis": "y", "origin": [8, 8, 8]},
			"faces": {
				"east": {"uv": [16, 0, 9, 16], "texture": "#0"},
				"west": {"uv": [9, 0, 16, 16], "texture": "#0"}
			}
		},
		{
			"from": [9, 0, 8],
			"to": [16, 16, 8],
			"rotation": {"angle": 0, "axis": "y", "origin": [8, 8, 8]},
			"faces": {
				"north": {"uv": [16, 0, 9, 16], "texture": "#0"},
				"south": {"uv": [9, 0, 16, 16], "texture": "#0"}
			}
		}
	]
}