{
	"credit": "Made with Blockbench",
	"textures": {
		"0": "models/armor/leather_layer_1",
		"1": "models/armor/leather_layer_1_overlay",
		"particle": "models/armor/leather_layer_1"
	},
	"elements": [
		{
			"name": "right",
			"from": [3.5, 2, 6],
			"to": [7.5, 14, 6],
			"rotation": {"angle": 0, "axis": "x", "origin": [5.5, 7.16667, 7.25]},
			"faces": {
				"south": {"uv": [2, 10, 1, 16], "texture": "#0", "tintindex": 0}
			}
		},
		{
			"name": "right",
			"from": [7.5, 2, 6],
			"to": [7.5, 14, 10],
			"rotation": {"angle": 0, "axis": "x", "origin": [5.5, 7.16667, 7.25]},
			"faces": {
				"west": {"uv": [1, 10, 0, 16], "texture": "#0", "tintindex": 0}
			}
		},
		{
			"name": "right",
			"from": [3.5, 2, 6],
			"to": [3.5, 14, 10],
			"rotation": {"angle": 0, "axis": "x", "origin": [5.5, 7.16667, 7.25]},
			"faces": {
				"east": {"uv": [3, 10, 2, 16], "texture": "#0", "tintindex": 0}
			}
		},
		{
			"name": "right",
			"from": [3.5, 2, 10],
			"to": [7.5, 14, 10],
			"rotation": {"angle": 0, "axis": "x", "origin": [5.5, 7.16667, 7.25]},
			"faces": {
				"north": {"uv": [4, 10, 3, 16], "texture": "#0", "tintindex": 0}
			}
		},
		{
			"name": "right",
			"from": [3.5, 2, 6],
			"to": [7.5, 2, 10],
			"rotation": {"angle": 0, "axis": "x", "origin": [5.5, 6.16667, 11.75]},
			"faces": {
				"down": {"uv": [3, 10, 2, 8], "texture": "#0", "rotation": 180, "tintindex": 0}
			}
		},
		{
			"name": "right",
			"from": [3.5, 2, 6],
			"to": [7.5, 14, 10],
			"rotation": {"angle": 0, "axis": "x", "origin": [5.5, 7.16667, 7.25]},
			"faces": {
				"north": {"uv": [1, 10, 2, 16], "texture": "#0", "tintindex": 0},
				"east": {"uv": [0, 10, 1, 16], "texture": "#0", "tintindex": 0},
				"south": {"uv": [3, 10, 4, 16], "texture": "#0", "tintindex": 0},
				"west": {"uv": [2, 10, 3, 16], "texture": "#0", "tintindex": 0},
				"up": {"uv": [1, 8, 2, 10], "texture": "#0", "rotation": 180, "tintindex": 0},
				"down": {"uv": [2, 8, 3, 10], "texture": "#0", "tintindex": 0}
			}
		},
		{
			"name": "right1",
			"from": [3.5, 2, 6],
			"to": [7.5, 14, 10],
			"rotation": {"angle": 0, "axis": "x", "origin": [5.5, 7.16667, 7.25]},
			"faces": {
				"north": {"uv": [1, 10, 2, 16], "texture": "#1"},
				"east": {"uv": [0, 10, 1, 16], "texture": "#1"},
				"south": {"uv": [3, 10, 4, 16], "texture": "#1"},
				"west": {"uv": [2, 10, 3, 16], "texture": "#1"},
				"up": {"uv": [1, 8, 2, 10], "texture": "#1", "rotation": 180},
				"down": {"uv": [2, 8, 3, 10], "texture": "#1"}
			}
		},
		{
			"name": "left",
			"from": [8.5, 2, 4],
			"to": [12.5, 6, 16],
			"rotation": {"angle": 0, "axis": "x", "origin": [10.5, 4, 9]},
			"faces": {
				"north": {"uv": [3, 8, 2, 10], "texture": "#0", "rotation": 180, "tintindex": 0},
				"east": {"uv": [3, 10, 2, 16], "texture": "#0", "rotation": 270, "tintindex": 0},
				"south": {"uv": [2, 8, 1, 10], "texture": "#0", "rotation": 180, "tintindex": 0},
				"west": {"uv": [1, 10, 0, 16], "texture": "#0", "rotation": 90, "tintindex": 0},
				"up": {"uv": [2, 10, 1, 16], "texture": "#0", "rotation": 180, "tintindex": 0},
				"down": {"uv": [4, 10, 3, 16], "texture": "#0", "tintindex": 0}
			}
		},
		{
			"name": "left1",
			"from": [8.5, 2, 4],
			"to": [12.5, 6, 16],
			"rotation": {"angle": 0, "axis": "x", "origin": [10.5, 4, 9]},
			"faces": {
				"north": {"uv": [3, 8, 2, 10], "texture": "#1", "rotation": 180},
				"east": {"uv": [3, 10, 2, 16], "texture": "#1", "rotation": 270},
				"south": {"uv": [2, 8, 1, 10], "texture": "#1", "rotation": 180},
				"west": {"uv": [1, 10, 0, 16], "texture": "#1", "rotation": 90},
				"up": {"uv": [2, 10, 1, 16], "texture": "#1", "rotation": 180},
				"down": {"uv": [4, 10, 3, 16], "texture": "#1"}
			}
		},
		{
			"name": "left",
			"from": [8.5, 6, 4],
			"to": [12.5, 6, 16],
			"rotation": {"angle": 0, "axis": "x", "origin": [10.5, 4, 9]},
			"faces": {
				"down": {"uv": [1, 10, 2, 16], "texture": "#0", "tintindex": 0}
			}
		},
		{
			"name": "left",
			"from": [8.5, 2, 4],
			"to": [8.5, 6, 16],
			"rotation": {"angle": 0, "axis": "z", "origin": [10.5, 4, 9]},
			"faces": {
				"east": {"uv": [0, 10, 1, 16], "texture": "#0", "rotation": 270, "tintindex": 0}
			}
		},
		{
			"name": "left",
			"from": [12.5, 2, 4],
			"to": [12.5, 6, 16],
			"rotation": {"angle": 0, "axis": "x", "origin": [14.5, 4, 9]},
			"faces": {
				"west": {"uv": [2, 10, 3, 16], "texture": "#0", "rotation": 90, "tintindex": 0}
			}
		},
		{
			"name": "left",
			"from": [8.5, 2, 4],
			"to": [12.5, 2, 16],
			"rotation": {"angle": 0, "axis": "x", "origin": [10.5, 4, 9]},
			"faces": {
				"up": {"uv": [3, 10, 4, 16], "texture": "#0", "rotation": 180, "tintindex": 0}
			}
		},
		{
			"name": "left",
			"from": [8.5, 2, 4],
			"to": [12.5, 6, 4],
			"rotation": {"angle": 0, "axis": "x", "origin": [10.5, 4, 9]},
			"faces": {
				"north": {"uv": [3, 10, 2, 8], "texture": "#0", "tintindex": 0}
			}
		}
	],
	"display": {
		"gui": {
			"rotation": [30, 135, 0],
			"translation": [0, 3, 0]
		},
		"ground": {
			"rotation": [0, 0, 0],
			"translation": [0, 3, 0],
			"scale": [0.5, 0.5, 0.5]
		},
		"fixed": {
			"rotation": [0, 0, 0],
			"translation": [0, 3, 0]
		},
		"thirdperson_righthand": {
			"rotation": [75, 45, 0],
			"translation": [0, 2.5, 0],
			"scale": [0.7, 0.7, 0.7]
		},
		"thirdperson_lefthand": {
			"rotation": [75, 45, 0],
			"translation": [0, 2.5, 0],
			"scale": [0.7, 0.7, 0.7]
		},
		"firstperson_righthand": {
			"rotation": [0, 135, 0],
			"translation": [0, 3, 0],
			"scale": [0.5, 0.5, 0.5]
		},
		"firstperson_lefthand": {
			"rotation": [0, 135, 0],
			"translation": [0, 3, 0],
			"scale": [0.5, 0.5, 0.5]
		}
	}
}