{
	"credit": "Made with Blockbench",
	"textures": {
		"0": "entity/shulker/shulker",
		"particle": "entity/shulker/shulker"
	},
	"elements": [
		{
			"name": "D4",
			"from": [0, 4, 11],
			"to": [1, 8, 13],
			"faces": {
				"north": {"uv": [2.875, 11, 3.125, 12], "texture": "#0"},
				"east": {"uv": [3.25, 11, 2.75, 12], "texture": "#0"},
				"south": {"uv": [2.875, 11, 3.125, 12], "texture": "#0"},
				"west": {"uv": [2.75, 11, 3.25, 12], "texture": "#0"},
				"up": {"uv": [4, 9.75, 4.25, 10.25], "texture": "#0"}
			}
		},
		{
			"name": "D3",
			"from": [0, 4, 0],
			"to": [1, 8, 1.5],
			"faces": {
				"north": {"uv": [7.75, 11, 8, 12], "texture": "#0"},
				"east": {"uv": [0.375, 11, 0, 12], "texture": "#0"},
				"south": {"uv": [1, 11, 1.25, 12], "texture": "#0"},
				"west": {"uv": [0, 11, 0.375, 12], "texture": "#0"},
				"up": {"uv": [4, 7, 4.25, 7.375], "texture": "#0"}
			}
		},
		{
			"name": "D2",
			"from": [0, 4, 3.5],
			"to": [1, 8, 5.5],
			"faces": {
				"north": {"uv": [1, 11, 1.25, 12], "texture": "#0"},
				"east": {"uv": [1.375, 11, 0.875, 12], "texture": "#0"},
				"south": {"uv": [14.875, 11, 15.125, 12], "texture": "#0"},
				"west": {"uv": [0.875, 11, 1.375, 12], "texture": "#0"},
				"up": {"uv": [4, 7.875, 4.25, 8.375], "texture": "#0"}
			}
		},
		{
			"name": "D1",
			"from": [0, 4, 7.5],
			"to": [1, 8, 9],
			"faces": {
				"north": {"uv": [2.875, 11, 3.125, 12], "texture": "#0"},
				"east": {"uv": [2.25, 11, 1.875, 12], "texture": "#0"},
				"south": {"uv": [1, 11, 1.25, 12], "texture": "#0"},
				"west": {"uv": [1.875, 11, 2.25, 12], "texture": "#0"},
				"up": {"uv": [4, 7, 4.25, 7.375], "texture": "#0"}
			}
		},
		{
			"name": "wall_S",
			"from": [1, 0, 15],
			"to": [15, 4, 16],
			"faces": {
				"north": {"uv": [7.75, 12, 4.25, 13], "texture": "#0"},
				"south": {"uv": [12.25, 12, 15.75, 13], "texture": "#0"},
				"up": {"uv": [4.25, 3.75, 7.75, 4], "texture": "#0"},
				"down": {"uv": [8, 10.75, 12, 11], "texture": "#0"}
			}
		},
		{
			"name": "wall_N",
			"from": [1, 0, 0],
			"to": [15, 4, 1],
			"faces": {
				"north": {"uv": [4.25, 12, 7.75, 13], "texture": "#0"},
				"south": {"uv": [15.75, 12, 12.25, 13], "texture": "#0"},
				"up": {"uv": [4.25, 3.75, 7.75, 4], "texture": "#0", "rotation": 180},
				"down": {"uv": [8, 10.75, 12, 11], "texture": "#0"}
			}
		},
		{
			"name": "wall_est",
			"from": [15, 0, 0],
			"to": [16, 4, 16],
			"faces": {
				"north": {"uv": [4, 12, 4.25, 13], "texture": "#0"},
				"east": {"uv": [0, 12, 4, 13], "texture": "#0"},
				"south": {"uv": [15.75, 12, 16, 13], "texture": "#0"},
				"west": {"uv": [12, 12, 8, 13], "texture": "#0"},
				"up": {"uv": [7.75, 0, 8, 4], "texture": "#0", "rotation": 180},
				"down": {"uv": [11.75, 7, 12, 10.875], "texture": "#0"}
			}
		},
		{
			"name": "wall_west",
			"from": [0, 0, 0],
			"to": [1, 4, 16],
			"faces": {
				"north": {"uv": [7.75, 12, 8, 13], "texture": "#0"},
				"east": {"uv": [4, 12, 0, 13], "texture": "#0"},
				"south": {"uv": [12, 12, 12.25, 13], "texture": "#0"},
				"west": {"uv": [8, 12, 12, 13], "texture": "#0"},
				"up": {"uv": [4, 0, 4.25, 4], "texture": "#0"},
				"down": {"uv": [8, 7, 8.25, 11], "texture": "#0"}
			}
		},
		{
			"name": "fond",
			"from": [1, 0, 1],
			"to": [15, 1, 15],
			"faces": {
				"up": {"uv": [8.25, 7.25, 11.75, 10.75], "texture": "#0"},
				"down": {"uv": [8.25, 7.25, 11.75, 10.75], "texture": "#0"}
			}
		},
		{
			"name": "D4",
			"from": [14.5, 4, 0],
			"to": [16, 8, 1],
			"rotation": {"angle": 0, "axis": "y", "origin": [15.25, 5.25, 0.5]},
			"faces": {
				"north": {"uv": [0, 11, 0.375, 12], "texture": "#0"},
				"east": {"uv": [7.75, 11, 8, 12], "texture": "#0"},
				"south": {"uv": [0.375, 11, 0, 12], "texture": "#0"},
				"west": {"uv": [1, 11, 1.25, 12], "texture": "#0"},
				"up": {"uv": [7.625, 7, 8, 7.25], "texture": "#0"}
			}
		},
		{
			"name": "D3",
			"from": [10.5, 4, 0],
			"to": [12.5, 8, 1],
			"rotation": {"angle": 0, "axis": "y", "origin": [11.5, 5.25, 0.5]},
			"faces": {
				"north": {"uv": [0.875, 11, 1.375, 12], "texture": "#0"},
				"east": {"uv": [1, 11, 1.25, 12], "texture": "#0"},
				"south": {"uv": [1.375, 11, 0.875, 12], "texture": "#0"},
				"west": {"uv": [14.875, 11, 15.125, 12], "texture": "#0"},
				"up": {"uv": [6.625, 7, 7.125, 7.25], "texture": "#0"}
			}
		},
		{
			"name": "D2",
			"from": [7, 4, 0],
			"to": [8.5, 8, 1],
			"rotation": {"angle": 0, "axis": "y", "origin": [7.75, 5.25, 0.5]},
			"faces": {
				"north": {"uv": [1.875, 11, 2.25, 12], "texture": "#0"},
				"east": {"uv": [2.875, 11, 3.125, 12], "texture": "#0"},
				"south": {"uv": [2.25, 11, 1.875, 12], "texture": "#0"},
				"west": {"uv": [1, 11, 1.25, 12], "texture": "#0"},
				"up": {"uv": [5.75, 7, 6.125, 7.25], "texture": "#0"}
			}
		},
		{
			"name": "D5",
			"from": [3, 4, 0],
			"to": [5, 8, 1],
			"rotation": {"angle": 0, "axis": "y", "origin": [4, 5.25, 0.5]},
			"faces": {
				"north": {"uv": [2.75, 11, 3.25, 12], "texture": "#0"},
				"east": {"uv": [2.875, 11, 3.125, 12], "texture": "#0"},
				"south": {"uv": [3.25, 11, 2.75, 12], "texture": "#0"},
				"west": {"uv": [2.875, 11, 3.125, 12], "texture": "#0"},
				"up": {"uv": [4.75, 7, 5.25, 7.25], "texture": "#0"}
			}
		},
		{
			"name": "D6",
			"from": [15, 4, 3],
			"to": [16, 8, 5],
			"rotation": {"angle": 0, "axis": "y", "origin": [15.5, 6, 4]},
			"faces": {
				"north": {"uv": [2.875, 11, 3.125, 12], "texture": "#0"},
				"east": {"uv": [2.75, 11, 3.25, 12], "texture": "#0"},
				"south": {"uv": [2.875, 11, 3.125, 12], "texture": "#0"},
				"west": {"uv": [3.25, 11, 2.75, 12], "texture": "#0"},
				"up": {"uv": [7.75, 7.75, 8, 8.25], "texture": "#0"}
			}
		},
		{
			"name": "D3",
			"from": [15, 4, 7],
			"to": [16, 8, 8.5],
			"rotation": {"angle": 0, "axis": "y", "origin": [15.5, 6, 7.75]},
			"faces": {
				"north": {"uv": [1, 11, 1.25, 12], "texture": "#0"},
				"east": {"uv": [1.875, 11, 2.25, 12], "texture": "#0"},
				"south": {"uv": [2.875, 11, 3.125, 12], "texture": "#0"},
				"west": {"uv": [2.25, 11, 1.875, 12], "texture": "#0"},
				"up": {"uv": [7.75, 8.75, 8, 9.125], "texture": "#0"}
			}
		},
		{
			"name": "D4",
			"from": [15, 4, 10.5],
			"to": [16, 8, 12.5],
			"rotation": {"angle": 0, "axis": "y", "origin": [15.5, 6, 11.5]},
			"faces": {
				"north": {"uv": [14.875, 11, 15.125, 12], "texture": "#0"},
				"east": {"uv": [0.875, 11, 1.375, 12], "texture": "#0"},
				"south": {"uv": [1, 11, 1.25, 12], "texture": "#0"},
				"west": {"uv": [1.375, 11, 0.875, 12], "texture": "#0"},
				"up": {"uv": [7.75, 9.625, 8, 10.125], "texture": "#0"}
			}
		},
		{
			"name": "D5",
			"from": [15, 4, 14.5],
			"to": [16, 8, 16],
			"rotation": {"angle": 0, "axis": "y", "origin": [15.5, 6, 15.25]},
			"faces": {
				"north": {"uv": [1, 11, 1.25, 12], "texture": "#0"},
				"east": {"uv": [0, 11, 0.375, 12], "texture": "#0"},
				"south": {"uv": [7.75, 11, 8, 12], "texture": "#0"},
				"west": {"uv": [0.375, 11, 0, 12], "texture": "#0"},
				"up": {"uv": [7.75, 10.625, 8, 11], "texture": "#0"}
			}
		},
		{
			"name": "D6",
			"from": [7.5, 4, 15],
			"to": [9, 8, 16],
			"rotation": {"angle": 0, "axis": "y", "origin": [8.25, 6, 15.5]},
			"faces": {
				"north": {"uv": [0.375, 11, 0, 12], "texture": "#0"},
				"east": {"uv": [1, 11, 1.25, 12], "texture": "#0"},
				"south": {"uv": [0, 11, 0.375, 12], "texture": "#0"},
				"west": {"uv": [7.75, 11, 8, 12], "texture": "#0"},
				"up": {"uv": [5.875, 10.75, 6.25, 11], "texture": "#0"}
			}
		},
		{
			"name": "D5",
			"from": [3.5, 4, 15],
			"to": [5.5, 8, 16],
			"rotation": {"angle": 0, "axis": "y", "origin": [4.5, 6, 15.5]},
			"faces": {
				"north": {"uv": [1.375, 11, 0.875, 12], "texture": "#0"},
				"east": {"uv": [14.875, 11, 15.125, 12], "texture": "#0"},
				"south": {"uv": [0.875, 11, 1.375, 12], "texture": "#0"},
				"west": {"uv": [1, 11, 1.25, 12], "texture": "#0"},
				"up": {"uv": [4.875, 10.75, 5.375, 11], "texture": "#0"}
			}
		},
		{
			"name": "D4",
			"from": [0, 4, 15],
			"to": [1.5, 8, 16],
			"rotation": {"angle": 0, "axis": "y", "origin": [0.75, 6, 15.5]},
			"faces": {
				"north": {"uv": [2.25, 11, 1.875, 12], "texture": "#0"},
				"east": {"uv": [1, 11, 1.25, 12], "texture": "#0"},
				"south": {"uv": [1.875, 11, 2.25, 12], "texture": "#0"},
				"west": {"uv": [2.875, 11, 3.125, 12], "texture": "#0"},
				"up": {"uv": [4, 10.75, 4.375, 11], "texture": "#0"}
			}
		},
		{
			"name": "D7",
			"from": [11, 4, 15],
			"to": [13, 8, 16],
			"rotation": {"angle": 0, "axis": "y", "origin": [12, 6, 15.5]},
			"faces": {
				"north": {"uv": [3.25, 11, 2.75, 12], "texture": "#0"},
				"east": {"uv": [2.875, 11, 3.125, 12], "texture": "#0"},
				"south": {"uv": [2.75, 11, 3.25, 12], "texture": "#0"},
				"west": {"uv": [2.875, 11, 3.125, 12], "texture": "#0"},
				"up": {"uv": [6.75, 10.75, 7.25, 11], "texture": "#0"}
			}
		}
	]
}