{
	"credit": "Made with Blockbench",
	"textures": {
		"0": "models/armor/netherite_layer_1",
		"particle": "models/armor/netherite_layer_1"
	},
	"elements": [
		{
			"name": "right",
			"from": [12, 2.5, 5],
			"to": [16, 14.5, 5],
			"rotation": {"angle": 22.5, "axis": "x", "origin": [14, 9.5, 7]},
			"faces": {
				"south": {"uv": [12, 10, 11, 16], "texture": "#0"}
			}
		},
		{
			"name": "right",
			"from": [16, 2.5, 5],
			"to": [16, 14.5, 9],
			"rotation": {"angle": 22.5, "axis": "x", "origin": [14, 9.5, 7]},
			"faces": {
				"west": {"uv": [11, 10, 10, 16], "texture": "#0"}
			}
		},
		{
			"name": "right",
			"from": [12, 2.5, 5],
			"to": [12, 14.5, 9],
			"rotation": {"angle": 22.5, "axis": "x", "origin": [14, 9.5, 7]},
			"faces": {
				"east": {"uv": [13, 10, 12, 16], "texture": "#0"}
			}
		},
		{
			"name": "right",
			"from": [12, 2.5, 9],
			"to": [16, 14.5, 9],
			"rotation": {"angle": 22.5, "axis": "x", "origin": [14, 9.5, 7]},
			"faces": {
				"north": {"uv": [14, 10, 13, 16], "texture": "#0"}
			}
		},
		{
			"name": "right",
			"from": [12, 3.5, 0.5],
			"to": [16, 3.5, 4.5],
			"rotation": {"angle": 22.5, "axis": "x", "origin": [14, -1.5, 2.5]},
			"faces": {
				"down": {"uv": [13, 10, 12, 8], "texture": "#0", "rotation": 180}
			}
		},
		{
			"name": "right",
			"from": [12, 2.5, 5],
			"to": [16, 14.5, 9],
			"rotation": {"angle": 22.5, "axis": "x", "origin": [14, 9.5, 7]},
			"faces": {
				"north": {"uv": [11, 10, 12, 16], "texture": "#0"},
				"east": {"uv": [10, 10, 11, 16], "texture": "#0"},
				"south": {"uv": [13, 10, 14, 16], "texture": "#0"},
				"west": {"uv": [12, 10, 13, 16], "texture": "#0"},
				"up": {"uv": [11, 8, 12, 10], "texture": "#0", "rotation": 180},
				"down": {"uv": [12, 8, 13, 10], "texture": "#0", "rotation": 180}
			}
		},
		{
			"name": "left",
			"from": [0, 2.5, 7],
			"to": [4, 14.5, 11],
			"rotation": {"angle": -22.5, "axis": "x", "origin": [2, 9.5, 9]},
			"faces": {
				"north": {"uv": [12, 10, 11, 16], "texture": "#0"},
				"east": {"uv": [13, 10, 12, 16], "texture": "#0"},
				"south": {"uv": [14, 10, 13, 16], "texture": "#0"},
				"west": {"uv": [11, 10, 10, 16], "texture": "#0"},
				"up": {"uv": [12, 8, 11, 10], "texture": "#0", "rotation": 180},
				"down": {"uv": [13, 8, 12, 10], "texture": "#0", "rotation": 180}
			}
		},
		{
			"name": "left",
			"from": [0, 2.5, 7],
			"to": [4, 14.5, 7],
			"rotation": {"angle": -22.5, "axis": "x", "origin": [2, 9.5, 9]},
			"faces": {
				"south": {"uv": [1, 10, 2, 16], "texture": "#0"}
			}
		},
		{
			"name": "left",
			"from": [0, 2.5, 7],
			"to": [0, 14.5, 11],
			"rotation": {"angle": -22.5, "axis": "x", "origin": [2, 9.5, 9]},
			"faces": {
				"east": {"uv": [0, 0, 0, 0], "texture": "#0"}
			}
		},
		{
			"name": "left",
			"from": [4, 2.5, 7],
			"to": [4, 14.5, 11],
			"rotation": {"angle": -22.5, "axis": "x", "origin": [2, 9.5, 9]},
			"faces": {
				"west": {"uv": [12, 10, 13, 16], "texture": "#0"}
			}
		},
		{
			"name": "left",
			"from": [0, 2.5, 11],
			"to": [4, 14.5, 11],
			"rotation": {"angle": -22.5, "axis": "x", "origin": [2, 9.5, 9]},
			"faces": {
				"north": {"uv": [13, 10, 14, 16], "texture": "#0"}
			}
		},
		{
			"name": "left",
			"from": [0, 3.5, 11.5],
			"to": [4, 3.5, 15.5],
			"rotation": {"angle": -22.5, "axis": "x", "origin": [2, -1.5, 13.5]},
			"faces": {
				"down": {"uv": [13, 10, 12, 8], "texture": "#0", "rotation": 180}
			}
		},
		{
			"name": "belt",
			"from": [4, 2, 6],
			"to": [12, 14, 6],
			"rotation": {"angle": 0, "axis": "y", "origin": [8, 6, 6]},
			"faces": {
				"south": {"uv": [7, 10, 5, 16], "texture": "#0"}
			}
		},
		{
			"name": "belt",
			"from": [12, 2, 6],
			"to": [12, 14, 10],
			"rotation": {"angle": 0, "axis": "y", "origin": [12, 6, 10]},
			"faces": {
				"west": {"uv": [5, 10, 4, 16], "texture": "#0"}
			}
		},
		{
			"name": "belt",
			"from": [4, 2, 6],
			"to": [4, 14, 10],
			"rotation": {"angle": 0, "axis": "y", "origin": [4, 6, 10]},
			"faces": {
				"east": {"uv": [8, 10, 7, 16], "texture": "#0"}
			}
		},
		{
			"name": "belt",
			"from": [4, 2, 10],
			"to": [12, 14, 10],
			"rotation": {"angle": 0, "axis": "y", "origin": [8, 6, 10]},
			"faces": {
				"north": {"uv": [10, 10, 8, 16], "texture": "#0"}
			}
		},
		{
			"name": "belt",
			"from": [4, 14, 6],
			"to": [12, 14, 10],
			"rotation": {"angle": 0, "axis": "y", "origin": [8, 14, 10]},
			"faces": {
				"down": {"uv": [7, 10, 9, 8], "texture": "#0", "rotation": 180}
			}
		},
		{
			"name": "belt",
			"from": [4, 2, 6],
			"to": [12, 14, 10],
			"faces": {
				"north": {"uv": [5, 10, 7, 16], "texture": "#0"},
				"east": {"uv": [4, 10, 5, 16], "texture": "#0"},
				"south": {"uv": [8, 10, 10, 16], "texture": "#0"},
				"west": {"uv": [7, 10, 8, 16], "texture": "#0"},
				"up": {"uv": [5, 8, 7, 10], "texture": "#0", "rotation": 180},
				"down": {"uv": [8, 8, 10, 10], "texture": "#0"}
			}
		}
	],
	"display": {
		"gui": {
			"rotation": [30, 135, 0],
			"translation": [0, 0, 0],
			"scale": [0.9, 0.9, 0.9]
		},
		"ground": {
			"rotation": [0, 0, 0],
			"translation": [0, 3, 0],
			"scale": [0.4, 0.4, 0.4]
		},
		"fixed": {
			"rotation": [0, 0, 0],
			"translation": [0, 0, 0],
			"scale": [0.9, 0.9, 0.9]
		},
		"thirdperson_righthand": {
			"rotation": [75, 45, 0],
			"translation": [0, 2.5, 0],
			"scale": [0.5, 0.5, 0.5]
		},
		"thirdperson_lefthand": {
			"rotation": [75, 45, 0],
			"translation": [0, 2.5, 0],
			"scale": [0.5, 0.5, 0.5]
		},
		"firstperson_righthand": {
			"rotation": [0, 135, 0],
			"translation": [0, 1, 0],
			"scale": [0.5, 0.5, 0.5]
		},
		"firstperson_lefthand": {
			"rotation": [0, 135, 0],
			"translation": [0, 1, 0],
			"scale": [0.5, 0.5, 0.5]
		}
	}
}
