{
    "variants": {
        "": [
            { "model": "block/emerald_ore" },
            { "model": "block/random/ore/emerald/emerald_ore1" },
            { "model": "block/random/ore/emerald/emerald_ore2" },
            { "model": "block/random/ore/emerald/emerald_ore3" },
            { "model": "block/random/ore/emerald/emerald_ore4" },
            { "model": "block/random/ore/emerald/emerald_ore5" },
            { "model": "block/random/ore/emerald/emerald_ore6" }
        ]
    }
}
