{
    "variants": {
        "facing=north": [
		{ "model": "block/pumpkin_melon/jack_o_lantern" },
		{ "model": "block/pumpkin_melon/jack_o_lantern1" }
	],
        "facing=south": [
		{ "model": "block/pumpkin_melon/jack_o_lantern", "y": 180 },
		{ "model": "block/pumpkin_melon/jack_o_lantern1", "y": 180 }
	],
        "facing=west":  [
		{ "model": "block/pumpkin_melon/jack_o_lantern", "y": 270 },
		{ "model": "block/pumpkin_melon/jack_o_lantern1", "y": 270 }
	],
        "facing=east":  [
		{ "model": "block/pumpkin_melon/jack_o_lantern", "y": 90 },
		{ "model": "block/pumpkin_melon/jack_o_lantern1", "y": 90 }
	]
    }
}
