{
    "variants": {
        "snowy=false": [
            { "model": "block/mycelium" },
            { "model": "block/random/mycelium/mycelium1" },
            { "model": "block/random/mycelium/mycelium2" },
            { "model": "block/random/mycelium/mycelium3" },
            { "model": "block/random/mycelium/mycelium4" },
            { "model": "block/random/mycelium/mycelium5" },
            { "model": "block/random/mycelium/mycelium6" },
            { "model": "block/random/mycelium/mycelium7" },
            { "model": "block/random/mycelium/mycelium8" },
            { "model": "block/random/mycelium/mycelium9" }
        ],
        "snowy=true": { "model": "block/grass_block_snow" }
    }
}
