{
    "__createdwith": "opl's Model Creator",
    "ambientocclusion": false,
    "textures": {
        "door_acacia_lower": "blocks/door_acacia_lower",
        "particle": "blocks/door_acacia_lower"
    },
    "elements": [
        {
            "from": [1.5,1,0],
            "to": [3,4,16],
            "faces": {
                "up": {
                    "uv": [14.5,0.25,16,16],
                    "texture": "#door_acacia_lower",
                    "rotation": 180
                },
                "down": {
                    "uv": [14.5,0,16,16],
                    "texture": "#door_acacia_lower",
                    "rotation": 180
                },
                "west": {
                    "uv": [16,12,0,15],
                    "texture": "#door_acacia_lower"
                },
                "east": {
                    "uv": [13,0,16,16],
                    "texture": "#door_acacia_lower",
                    "rotation": 90
                },
                "north": {
                    "uv": [0.5,12,1,15],
                    "texture": "#door_acacia_lower",
                    "rotation": 180
                },
                "south": {
                    "uv": [0.5,12,1,15],
                    "texture": "#door_acacia_lower",
                    "rotation": 180
                }
            }
        },
        {
            "from": [1.5,15,0],
            "to": [3,16,16],
            "faces": {
                "up": {
                    "uv": [0,12,16,12.5],
                    "texture": "#door_acacia_lower",
                    "rotation": 270
                },
                "down": {
                    "uv": [14.5,0,16,16],
                    "texture": "#door_acacia_lower",
                    "rotation": 180
                },
                "west": {
                    "uv": [16,0,0,1],
                    "texture": "#door_acacia_lower"
                },
                "east": {
                    "uv": [15,0,16,16],
                    "texture": "#door_acacia_lower",
                    "rotation": 90
                },
                "north": {
                    "uv": [0.5,12,1,15],
                    "texture": "#door_acacia_lower",
                    "rotation": 180
                },
                "south": {
                    "uv": [0.5,12,1,15],
                    "texture": "#door_acacia_lower",
                    "rotation": 180
                }
            }
        },
        {
            "from": [0.5,0,3.5],
            "to": [1.5,2.5,6.5],
            "faces": {
                "up": {
                    "uv": [0,12,3.5,12.5],
                    "texture": "#door_acacia_lower",
                    "rotation": 270
                },
                "down": {
                    "uv": [9.75,12.25,13,13],
                    "texture": "#door_acacia_lower",
                    "rotation": 270
                },
                "west": {
                    "uv": [6.5,13.5,3.5,16],
                    "texture": "#door_acacia_lower"
                },
                "east": {
                    "texture": "#door_acacia_lower"
                },
                "north": {
                    "uv": [0.5,12,1,15],
                    "texture": "#door_acacia_lower",
                    "rotation": 180
                },
                "south": {
                    "uv": [0.5,12,1,15],
                    "texture": "#door_acacia_lower",
                    "rotation": 180
                }
            }
        },
        {
            "from": [0,2.5,4],
            "to": [1.5,9,7],
            "faces": {
                "up": {
                    "uv": [0,12,3.5,12.5],
                    "texture": "#door_acacia_lower",
                    "rotation": 270
                },
                "down": {
                    "uv": [0,14.5,3.5,15],
                    "texture": "#door_acacia_lower",
                    "rotation": 270
                },
                "west": {
                    "uv": [7,7,4,13.5],
                    "texture": "#door_acacia_lower"
                },
                "east": {
                    "texture": "#door_acacia_lower"
                },
                "north": {
                    "uv": [0.5,12,1,15],
                    "texture": "#door_acacia_lower",
                    "rotation": 180
                },
                "south": {
                    "uv": [0.5,12,1,15],
                    "texture": "#door_acacia_lower",
                    "rotation": 180
                }
            }
        },
        {
            "from": [0,9,4.5],
            "to": [1.5,12.5,7],
            "faces": {
                "up": {
                    "uv": [0,12,3.5,12.5],
                    "texture": "#door_acacia_lower",
                    "rotation": 270
                },
                "down": {
                    "uv": [0,14.5,3.5,15],
                    "texture": "#door_acacia_lower",
                    "rotation": 270
                },
                "west": {
                    "uv": [7,3.5,4.5,7],
                    "texture": "#door_acacia_lower"
                },
                "east": {
                    "texture": "#door_acacia_lower"
                },
                "north": {
                    "uv": [0.5,12,1,15],
                    "texture": "#door_acacia_lower",
                    "rotation": 180
                },
                "south": {
                    "uv": [0.5,12,1,15],
                    "texture": "#door_acacia_lower",
                    "rotation": 180
                }
            }
        },
        {
            "from": [0,0.5,12.5],
            "to": [1.5,16,16],
            "faces": {
                "up": {
                    "uv": [0,12,3.5,12.5],
                    "texture": "#door_acacia_lower",
                    "rotation": 270
                },
                "down": {
                    "uv": [0,14.5,3.5,15],
                    "texture": "#door_acacia_lower",
                    "rotation": 270
                },
                "west": {
                    "uv": [16,0,12.5,15.5],
                    "texture": "#door_acacia_lower"
                },
                "east": {
                    "texture": "#door_acacia_lower"
                },
                "north": {
                    "uv": [0.5,12,1,15],
                    "texture": "#door_acacia_lower",
                    "rotation": 180
                },
                "south": {
                    "uv": [0.5,12,1,15],
                    "texture": "#door_acacia_lower",
                    "rotation": 180
                }
            }
        },
        {
            "from": [0,0,13],
            "to": [1.5,0.5,16],
            "faces": {
                "up": {
                    "uv": [0,12,3.5,12.5],
                    "texture": "#door_acacia_lower",
                    "rotation": 270
                },
                "down": {
                    "uv": [0,12,3.5,13.5],
                    "texture": "#door_acacia_lower",
                    "rotation": 270
                },
                "west": {
                    "uv": [16,15.5,13,16],
                    "texture": "#door_acacia_lower"
                },
                "east": {
                    "texture": "#door_acacia_lower"
                },
                "north": {
                    "uv": [0.5,12,1,15],
                    "texture": "#door_acacia_lower",
                    "rotation": 180
                },
                "south": {
                    "uv": [0.5,12,1,15],
                    "texture": "#door_acacia_lower",
                    "rotation": 180
                }
            }
        },
        {
            "from": [0.5,0,10],
            "to": [1.5,10,12.5],
            "faces": {
                "up": {
                    "uv": [0,12,3.5,12.5],
                    "texture": "#door_acacia_lower",
                    "rotation": 270
                },
                "down": {
                    "uv": [12.5,12,16,13],
                    "texture": "#door_acacia_lower",
                    "rotation": 270
                },
                "west": {
                    "uv": [12.5,6,10,16],
                    "texture": "#door_acacia_lower"
                },
                "east": {
                    "texture": "#door_acacia_lower"
                },
                "north": {
                    "uv": [0.5,12,1,15],
                    "texture": "#door_acacia_lower",
                    "rotation": 180
                },
                "south": {
                    "uv": [0.5,12,1,15],
                    "texture": "#door_acacia_lower",
                    "rotation": 180
                }
            }
        },
        {
            "from": [0.5,10,9.5],
            "to": [1.5,14,12.5],
            "faces": {
                "up": {
                    "uv": [0,12,3.5,12.5],
                    "texture": "#door_acacia_lower",
                    "rotation": 270
                },
                "down": {
                    "uv": [0,14.5,3.5,15],
                    "texture": "#door_acacia_lower",
                    "rotation": 270
                },
                "west": {
                    "uv": [12.5,2,9.5,6],
                    "texture": "#door_acacia_lower"
                },
                "east": {
                    "texture": "#door_acacia_lower"
                },
                "north": {
                    "uv": [0.5,12,1,15],
                    "texture": "#door_acacia_lower",
                    "rotation": 180
                },
                "south": {
                    "uv": [0.5,12,1,15],
                    "texture": "#door_acacia_lower",
                    "rotation": 180
                }
            }
        },
        {
            "from": [0,14,9.5],
            "to": [1.5,16,12],
            "faces": {
                "up": {
                    "uv": [0,12,3.5,12.5],
                    "texture": "#door_acacia_lower",
                    "rotation": 270
                },
                "down": {
                    "uv": [0,14.5,3.5,15],
                    "texture": "#door_acacia_lower",
                    "rotation": 270
                },
                "west": {
                    "uv": [12,0,9.5,2],
                    "texture": "#door_acacia_lower"
                },
                "east": {
                    "texture": "#door_acacia_lower"
                },
                "north": {
                    "uv": [0.5,12,1,15],
                    "texture": "#door_acacia_lower",
                    "rotation": 180
                },
                "south": {
                    "uv": [0.5,12,1,15],
                    "texture": "#door_acacia_lower",
                    "rotation": 180
                }
            }
        },
        {
            "from": [0.5,12.5,4.5],
            "to": [1.5,16,7.5],
            "faces": {
                "up": {
                    "uv": [0,12,3.5,12.5],
                    "texture": "#door_acacia_lower",
                    "rotation": 270
                },
                "down": {
                    "uv": [0,14.5,3.5,15],
                    "texture": "#door_acacia_lower",
                    "rotation": 270
                },
                "west": {
                    "uv": [7.5,0,4.5,3.5],
                    "texture": "#door_acacia_lower"
                },
                "east": {
                    "texture": "#door_acacia_lower"
                },
                "north": {
                    "uv": [0.5,12,1,15],
                    "texture": "#door_acacia_lower",
                    "rotation": 180
                },
                "south": {
                    "uv": [0.5,12,1,15],
                    "texture": "#door_acacia_lower",
                    "rotation": 180
                }
            }
        },
        {
            "from": [0.5,0,0],
            "to": [1.5,0.5,3],
            "faces": {
                "up": {
                    "uv": [0,12,3.5,12.5],
                    "texture": "#door_acacia_lower",
                    "rotation": 270
                },
                "down": {
                    "uv": [0,12,3.5,13],
                    "texture": "#door_acacia_lower",
                    "rotation": 270
                },
                "west": {
                    "uv": [3,15.5,0,16],
                    "texture": "#door_acacia_lower"
                },
                "east": {
                    "texture": "#door_acacia_lower"
                },
                "north": {
                    "uv": [0.5,12,1,15],
                    "texture": "#door_acacia_lower",
                    "rotation": 180
                },
                "south": {
                    "uv": [0.5,12,1,15],
                    "texture": "#door_acacia_lower",
                    "rotation": 180
                }
            }
        },
        {
            "from": [0.5,0.5,0],
            "to": [1.5,16,3.5],
            "faces": {
                "up": {
                    "uv": [0,12,3.5,12.5],
                    "texture": "#door_acacia_lower",
                    "rotation": 270
                },
                "down": {
                    "uv": [0,14.5,3.5,15],
                    "texture": "#door_acacia_lower",
                    "rotation": 270
                },
                "west": {
                    "uv": [3.5,0,0,15.5],
                    "texture": "#door_acacia_lower"
                },
                "east": {
                    "texture": "#door_acacia_lower"
                },
                "north": {
                    "uv": [0.5,12,1,15],
                    "texture": "#door_acacia_lower",
                    "rotation": 180
                },
                "south": {
                    "uv": [0.5,12,1,15],
                    "texture": "#door_acacia_lower",
                    "rotation": 180
                }
            }
        }
    ]
}