{
    "__createdwith": "opl's Model Creator",
    "ambientocclusion": false,
    "textures": {
        "door_birch_upper": "blocks/door_birch_upper",
        "particle": "blocks/door_birch_upper"
    },
    "elements": [
        {
            "from": [1,0,0.5],
            "to": [2,15.5,15.5],
            "faces": {
                "up": {
                    "uv": [0,1.5,16,2.5],
                    "texture": "#door_birch_upper",
                    "rotation": 270
                },
                "down": {
                    "uv": [0,0,16,16],
                    "texture": "#door_birch_upper",
                    "rotation": 90
                },
                "west": {
                    "texture": "#door_birch_upper"
                },
                "east": {
                    "texture": "#door_birch_upper"
                },
                "north": {
                    "uv": [0,0,16,16],
                    "texture": "#door_birch_upper"
                },
                "south": {
                    "uv": [0,0,16,16],
                    "texture": "#door_birch_upper"
                }
            }
        },
        {
            "from": [0,0,0],
            "to": [3,16,2],
            "faces": {
                "up": {
                    "uv": [14,0,16,2.5],
                    "texture": "#door_birch_upper",
                    "rotation": 270
                },
                "down": {
                    "uv": [0,0,16,16],
                    "texture": "#door_birch_upper",
                    "rotation": 90
                },
                "west": {
                    "texture": "#door_birch_upper"
                },
                "east": {
                    "uv": [14,0,16,16],
                    "texture": "#door_birch_upper"
                },
                "north": {
                    "uv": [14,0,16,16],
                    "texture": "#door_birch_upper"
                },
                "south": {
                    "uv": [15.5,0,16,16],
                    "texture": "#door_birch_upper"
                }
            }
        },
        {
            "from": [0,0,14],
            "to": [3,16,16],
            "faces": {
                "up": {
                    "uv": [0,0,2,2.5],
                    "texture": "#door_birch_upper",
                    "rotation": 270
                },
                "down": {
                    "uv": [0,13.5,2,16],
                    "texture": "#door_birch_upper",
                    "rotation": 90
                },
                "west": {
                    "texture": "#door_birch_upper"
                },
                "east": {
                    "uv": [0,0,2,16],
                    "texture": "#door_birch_upper"
                },
                "north": {
                    "uv": [1.5,0,2,16],
                    "texture": "#door_birch_upper"
                },
                "south": {
                    "uv": [0,0,2,16],
                    "texture": "#door_birch_upper"
                }
            }
        },
        {
            "from": [0,13.5,2],
            "to": [3,16,14],
            "faces": {
                "up": {
                    "uv": [2,0,14,2.5],
                    "texture": "#door_birch_upper",
                    "rotation": 270
                },
                "down": {
                    "uv": [2,2,14,2.5],
                    "texture": "#door_birch_upper",
                    "rotation": 90
                },
                "west": {
                    "texture": "#door_birch_upper"
                },
                "east": {
                    "texture": "#door_birch_upper"
                },
                "north": {
                    "uv": [0,0,16,16],
                    "texture": "#door_birch_upper"
                },
                "south": {
                    "uv": [0,0,16,16],
                    "texture": "#door_birch_upper"
                }
            }
        }
    ]
}