{
    "__createdwith": "opl's Model Creator",
    "ambientocclusion": false,
    "textures": {
        "side": "blocks/cauldron_side",
        "top": "blocks/cauldron_top",
        "bottom": "blocks/cauldron_bottom",
        "particle": "blocks/cauldron_side",
        "inside": "blocks/cauldron_inner",
        "water": "blocks/water_still"
    },
    "elements": [
        {
            "from": [0,3,0],
            "to": [2,16,16],
            "faces": {
                "up": {
                    "texture": "#top",
                    "cullface": up
                },
                "down": {
                    "texture": "#inside",
                    "cullface": down
                },
                "west": {
                    "texture": "#side",
                    "cullface": west
                },
                "east": {
                    "texture": "#side"
                },
                "north": {
                    "uv": [14,0,16,13],
                    "texture": "#side",
                    "cullface": north
                },
                "south": {
                    "texture": "#side",
                    "cullface": south
                }
            }
        },
        {
            "from": [2,3,2],
            "to": [14,4,14],
            "faces": {
                "down": {
                    "texture": "#inside",
                    "cullface": down
                },
                "west": {
                    "uv": [0,0,16,13],
                    "texture": "#side",
                    "cullface": west
                },
                "east": {
                    "uv": [0,0,16,13],
                    "texture": "#side",
                    "cullface": east
                },
                "north": {
                    "uv": [2,0,0,13],
                    "texture": "#side",
                    "cullface": north
                },
                "south": {
                    "uv": [0,0,2,13],
                    "texture": "#side",
                    "cullface": south
                }
            }
        },
        {
            "from": [14,3,0],
            "to": [16,16,16],
            "faces": {
                "up": {
                    "texture": "#top",
                    "cullface": up
                },
                "down": {
                    "texture": "#inside",
                    "cullface": down
                },
                "west": {
                    "texture": "#side"
                },
                "east": {
                    "texture": "#side",
                    "cullface": east
                },
                "north": {
                    "uv": [0,0,2,13],
                    "texture": "#side",
                    "cullface": north
                },
                "south": {
                    "texture": "#side",
                    "cullface": south
                }
            }
        },
        {
            "from": [2,3,0],
            "to": [14,16,2],
            "faces": {
                "up": {
                    "texture": "#top",
                    "cullface": up
                },
                "down": {
                    "texture": "#inside",
                    "cullface": down
                },
                "west": {
                    "texture": "#side",
                    "cullface": west
                },
                "east": {
                    "texture": "#side",
                    "cullface": east
                },
                "north": {
                    "uv": [14,0,2,13],
                    "texture": "#side",
                    "cullface": north
                },
                "south": {
                    "texture": "#side"
                }
            }
        },
        {
            "from": [2,3,14],
            "to": [14,16,16],
            "faces": {
                "up": {
                    "texture": "#top",
                    "cullface": up
                },
                "down": {
                    "texture": "#inside",
                    "cullface": down
                },
                "west": {
                    "texture": "#side",
                    "cullface": west
                },
                "east": {
                    "texture": "#side",
                    "cullface": east
                },
                "north": {
                    "texture": "#side"
                },
                "south": {
                    "texture": "#side",
                    "cullface": south
                }
            }
        },
        {
            "from": [0,0,0],
            "to": [4,3,2],
            "faces": {
                "up": {
                    "uv": [0,0,2,16],
                    "texture": "#top",
                    "cullface": up
                },
                "down": {
                    "uv": [14,11.5,16,16],
                    "texture": "#bottom",
                    "cullface": down,
                    "rotation": 90
                },
                "west": {
                    "texture": "#side",
                    "cullface": west
                },
                "east": {
                    "texture": "#side",
                    "cullface": east
                },
                "north": {
                    "uv": [4,13,0,16],
                    "texture": "#side",
                    "cullface": north
                },
                "south": {
                    "texture": "#side",
                    "cullface": south
                }
            }
        },
        {
            "from": [0,0,2],
            "to": [2,3,4],
            "faces": {
                "up": {
                    "uv": [0,0,2,16],
                    "texture": "#top",
                    "cullface": up
                },
                "down": {
                    "uv": [12,14,14,16],
                    "texture": "#bottom",
                    "cullface": down,
                    "rotation": 90
                },
                "west": {
                    "texture": "#side",
                    "cullface": west
                },
                "east": {
                    "texture": "#side",
                    "cullface": east
                },
                "north": {
                    "uv": [2,13,0,16],
                    "texture": "#side",
                    "cullface": north
                },
                "south": {
                    "texture": "#side",
                    "cullface": south
                }
            }
        },
        {
            "from": [12,0,0],
            "to": [16,3,2],
            "faces": {
                "up": {
                    "uv": [0,0,2,16],
                    "texture": "#top",
                    "cullface": up
                },
                "down": {
                    "uv": [14,0,16,4],
                    "texture": "#bottom",
                    "cullface": down,
                    "rotation": 90
                },
                "west": {
                    "texture": "#side",
                    "cullface": west
                },
                "east": {
                    "texture": "#side",
                    "cullface": east
                },
                "north": {
                    "texture": "#side",
                    "cullface": north
                },
                "south": {
                    "texture": "#side",
                    "cullface": south
                }
            }
        },
        {
            "from": [14,0,2],
            "to": [16,3,4],
            "faces": {
                "up": {
                    "uv": [0,0,2,16],
                    "texture": "#top"
                },
                "down": {
                    "uv": [12,0,14,2],
                    "texture": "#bottom",
                    "rotation": 90
                },
                "west": {
                    "uv": [4,13,2,16],
                    "texture": "#side"
                },
                "east": {
                    "uv": [4,13,2,16],
                    "texture": "#side"
                },
                "north": {
                    "uv": [16,13,14,16],
                    "texture": "#side"
                },
                "south": {
                    "texture": "#side"
                }
            }
        },
        {
            "from": [0,0,14],
            "to": [4,3,16],
            "faces": {
                "up": {
                    "uv": [14,0,16,16],
                    "texture": "#top"
                },
                "down": {
                    "uv": [0,12,2,16],
                    "texture": "#bottom",
                    "rotation": 90,
                    "tintindex": 1
                },
                "west": {
                    "uv": [14,13,12,16],
                    "texture": "#side"
                },
                "east": {
                    "texture": "#side"
                },
                "north": {
                    "uv": [4,13,0,16],
                    "texture": "#side"
                },
                "south": {
                    "texture": "#side"
                }
            }
        },
        {
            "from": [0,0,12],
            "to": [2,3,14],
            "faces": {
                "up": {
                    "uv": [14,0,16,16],
                    "texture": "#top"
                },
                "down": {
                    "uv": [2,14,4,16],
                    "texture": "#bottom",
                    "rotation": 90
                },
                "west": {
                    "uv": [16,13,14,16],
                    "texture": "#side"
                },
                "east": {
                    "texture": "#side"
                },
                "north": {
                    "uv": [2,13,0,16],
                    "texture": "#side"
                },
                "south": {
                    "texture": "#side"
                }
            }
        },
        {
            "from": [12,0,14],
            "to": [16,3,16],
            "faces": {
                "up": {
                    "uv": [14,0,16,16],
                    "texture": "#top"
                },
                "down": {
                    "uv": [0,0,2,4],
                    "texture": "#bottom",
                    "rotation": 90
                },
                "west": {
                    "texture": "#side"
                },
                "east": {
                    "uv": [14,13,12,16],
                    "texture": "#side"
                },
                "north": {
                    "uv": [16,13,12,16],
                    "texture": "#side"
                },
                "south": {
                    "uv": [16,13,12,16],
                    "texture": "#side"
                }
            }
        },
        {
            "from": [14,0,12],
            "to": [16,3,14],
            "faces": {
                "up": {
                    "uv": [14,0,16,16],
                    "texture": "#top"
                },
                "down": {
                    "uv": [2,0,4,2],
                    "texture": "#bottom",
                    "rotation": 90
                },
                "west": {
                    "uv": [14,13,12,16],
                    "texture": "#side"
                },
                "east": {
                    "uv": [14,13,16,16],
                    "texture": "#side"
                },
                "north": {
                    "uv": [16,13,14,16],
                    "texture": "#side"
                },
                "south": {
                    "texture": "#side"
                }
            }
        },
        {
            "from": [2,15,2],
            "to": [14,15,14],
            "faces": {
                "up": {
                    "texture": "#water"
                }
            }
        }
    ]
}