{
	"credit": "Made with Blockbench",
	"ambientocclusion": false,
	"textures": {
		"0": "block/variants/rails/rail_activator",
		"1": "block/variants/rails/activator_rail"
	},
	"elements": [
		{
			"name": "button",
			"from": [5.75, 7.25, 6.5],
			"to": [10.25, 7.75, 8.5],
			"rotation": {"angle": 45, "axis": "z", "origin": [8, 7.5, 7.5]},
			"faces": {
				"north": {"uv": [1.5, 1, 6, 1.5], "texture": "#0", "rotation": 180},
				"east": {"uv": [6, 1.5, 6.5, 3.5], "texture": "#0", "rotation": 270},
				"south": {"uv": [1.5, 3.5, 6, 4], "texture": "#0"},
				"west": {"uv": [1, 1.5, 1.5, 3.5], "texture": "#0", "rotation": 90},
				"up": {"uv": [1.5, 1.5, 6, 3.5], "texture": "#0"},
				"down": {"uv": [1.5, 4, 6, 6], "texture": "#0"}
			}
		},
		{
			"name": "button",
			"from": [7.75, 5.25, 6.5],
			"to": [8.25, 9.75, 8.5],
			"rotation": {"angle": 45, "axis": "z", "origin": [8, 7.5, 7.5]},
			"faces": {
				"north": {"uv": [1.5, 1, 6, 1.5], "texture": "#0", "rotation": 90},
				"east": {"uv": [1.5, 1.5, 6, 3.5], "texture": "#0", "rotation": 90},
				"south": {"uv": [1.5, 3.5, 6, 4], "texture": "#0", "rotation": 90},
				"west": {"uv": [1.5, 4, 6, 6], "texture": "#0", "rotation": 90},
				"up": {"uv": [1, 1.5, 1.5, 3.5], "texture": "#0"},
				"down": {"uv": [6, 1.5, 6.5, 3.5], "texture": "#0"}
			}
		},
		{
			"name": "planck",
			"from": [1, 14, 7.5],
			"to": [15, 14.5, 11.5],
			"rotation": {"angle": 45, "axis": "x", "origin": [0, 14, 1.5]},
			"faces": {
				"up": {"uv": [1, 6, 15, 10], "texture": "#1"},
				"down": {"uv": [5.5, 1, 10, 4], "texture": "#1"}
			}
		},
		{
			"from": [15, 14, 6.5],
			"to": [16, 15, 12.5],
			"rotation": {"angle": 45, "axis": "x", "origin": [0, 14, 1.5]},
			"faces": {
				"north": {"uv": [15, 5, 16, 6], "texture": "#1"},
				"east": {"uv": [15, 5, 16, 11], "texture": "#1", "rotation": 90},
				"south": {"uv": [15, 10, 16, 11], "texture": "#1"},
				"west": {"uv": [6, 10.5, 10.5, 11], "texture": "#1", "rotation": 90},
				"up": {"uv": [15, 5, 16, 11], "texture": "#1"},
				"down": {"uv": [15, 5, 16, 11], "texture": "#1"}
			}
		},
		{
			"from": [0, 14, 6.5],
			"to": [1, 15, 12.5],
			"rotation": {"angle": 45, "axis": "x", "origin": [0, 14, 1.5]},
			"faces": {
				"north": {"uv": [0, 5, 1, 6], "texture": "#1"},
				"east": {"uv": [6, 10.5, 10.5, 11], "texture": "#1"},
				"south": {"uv": [0, 10, 1, 11], "texture": "#1"},
				"west": {"uv": [0, 5, 1, 11], "texture": "#1", "rotation": 90},
				"up": {"uv": [0, 5, 1, 11], "texture": "#1"},
				"down": {"uv": [0, 5, 1, 11], "texture": "#1"}
			}
		},
		{
			"from": [1, 14, 11.5],
			"to": [15, 15, 12.5],
			"rotation": {"angle": 45, "axis": "x", "origin": [0, 14, 1.5]},
			"faces": {
				"north": {"uv": [6, 10.5, 10.5, 11], "texture": "#1"},
				"south": {"uv": [11, 1, 12, 15], "texture": "#1", "rotation": 90},
				"up": {"uv": [11, 1, 12, 15], "texture": "#1", "rotation": 90},
				"down": {"uv": [11, 1, 12, 15], "texture": "#1", "rotation": 90}
			}
		},
		{
			"from": [1, 14, 6.5],
			"to": [15, 15, 7.5],
			"rotation": {"angle": 45, "axis": "x", "origin": [0, 14, 1.5]},
			"faces": {
				"north": {"uv": [11, 1, 12, 15], "texture": "#1", "rotation": 90},
				"south": {"uv": [6, 10.5, 10.5, 11], "texture": "#1"},
				"up": {"uv": [4, 1, 5, 15], "texture": "#1", "rotation": 90},
				"down": {"uv": [11, 1, 12, 15], "texture": "#1", "rotation": 90}
			}
		}
	],
	"groups": [0, 1,
		{
			"name": "rail_base",
			"isOpen": true,
			"shade": true,
			"display": {
				"visibility": true,
				"autouv": true
			},
			"children": [2, 3, 4, 5, 6]
		}
	]
}