{
    "parent": "block/flower_pot",
    "display": {
        "thirdperson_righthand": {
            "rotation"   : [ 10, -45,  170 ],
            "translation": [  0,   1, -2.75 ],
            "scale"      : [  0.5, 0.5,  0.5 ]
        },
        "firstperson_righthand": {
            "rotation"   : [ 0, 0, 0 ],
            "translation": [ 0, 5, 0 ],
            "scale"      : [ 1, 1, 1 ]
        },
        "gui": {
            "rotation"   : [ 0, 0, 0 ],
            "translation": [ 0, 5, 0 ],
            "scale"      : [ 2, 2, 2 ]
        }
    }
}
