{
    "textures": {
        "particle": "#texture"
    },
    "elements": [
        {   "from": [ 7, 12, 0 ],
            "to"  : [ 9, 15, 6 ],
            "faces": {
                "west" : { "uv": [  0,  1,  6,  4 ], "texture": "#texture" },
                "north": { "uv": [  4, 13,  6, 16 ], "texture": "#texture", "cullface": "north" },
                "east" : { "uv": [ 10,  1, 16,  4 ], "texture": "#texture" },
                "south": { "uv": [  4, 13,  6, 16 ], "texture": "#texture", "cullface": "south" },
                "down" : { "uv": [  2, 10,  0, 16 ], "texture": "#texture" },
                "up"   : { "uv": [  2, 10,  4, 16 ], "texture": "#texture" }
            }
        },
        {   "__comment": "North lower bar",
            "from": [ 7, 6, 0 ],
            "to"  : [ 9, 9, 6 ],
            "faces": {
                "west" : { "uv": [  0,  5,  6,  8 ], "texture": "#texture" },
                "north": { "uv": [  4, 13,  6, 16 ], "texture": "#texture", "cullface": "north" },
                "east" : { "uv": [ 10,  5, 16,  8 ], "texture": "#texture" },
                "south": { "uv": [  4, 13,  6, 16 ], "texture": "#texture", "cullface": "south" },
                "down" : { "uv": [  2, 10,  0, 16 ], "texture": "#texture" },
                "up"   : { "uv": [  2, 10,  4, 16 ], "texture": "#texture" }
            }
        }
    ]
}
