{
    "__createdwith": "opl's Model Creator",
    "ambientocclusion": false,
    "textures": {
        "texture": "block/chorus_plant",
        "particle": "block/chorus_plant",
        "inside": "block/chorus_flower_dead"
    },
    "elements": [
        {
            "from": [5.5,6.5,5],
            "to": [10.5,8,6],
            "faces": {
                "up": { "texture": "#texture" },
                "down": { "texture": "#texture" },
                "west": { "texture": "#texture" },
                "east": { "texture": "#texture" },
                "north": { "texture": "#texture" },
                "south": { "texture": "#texture" }
            }
        },
        {
            "from": [6,2.5,6],
            "to": [10,6.5,10],
            "faces": {
                "up": {
                    "texture": "#inside"
                },
                "down": {
                    "texture": "#inside"
                },
                "west": {
                    "uv": [6,6,10,10],
                    "texture": "#inside"
                },
                "east": {
                    "uv": [6,6,10,10],
                    "texture": "#inside"
                },
                "north": {
                    "uv": [6,6,10,10],
                    "texture": "#inside"
                },
                "south": {
                    "uv": [6,6,10,10],
                    "texture": "#inside"
                }
            }
        },
        {
            "from": [6,7.5,4],
            "to": [10,9,5],
            "faces": {
                "up": { "texture": "#texture" },
                "down": { "texture": "#texture" },
                "west": { "texture": "#texture" },
                "east": { "texture": "#texture" },
                "north": { "texture": "#texture" },
                "south": { "texture": "#texture" }
            }
        },
        {
            "from": [6,3,4],
            "to": [10,6,5],
            "faces": {
                "up": { "texture": "#texture" },
                "down": { "texture": "#texture" },
                "west": { "texture": "#texture" },
                "east": { "texture": "#texture" },
                "north": { "texture": "#texture" },
                "south": { "texture": "#texture" }
            }
        },
        {
            "from": [6.5,1.5,4.5],
            "to": [9.5,8,6],
            "faces": {
                "up": { "texture": "#texture" },
                "down": { "texture": "#texture" },
                "west": { "texture": "#texture" },
                "east": { "texture": "#texture" },
                "north": { "texture": "#texture" },
                "south": { "texture": "#texture" }
            }
        },
        {
            "from": [5,2.5,5],
            "to": [11,6.5,6],
            "faces": {
                "up": { "texture": "#texture" },
                "down": { "texture": "#texture" },
                "west": { "texture": "#texture" },
                "east": { "texture": "#texture" },
                "north": { "texture": "#texture" },
                "south": { "texture": "#texture" }
            }
        },
        {
            "from": [5.5,1.5,6],
            "to": [10.5,3,7],
            "faces": {
                "up": { "texture": "#texture" },
                "down": { "texture": "#texture" },
                "west": { "texture": "#texture" },
                "east": { "texture": "#texture" },
                "north": { "texture": "#texture" },
                "south": { "texture": "#texture" }
            }
        },
        {
            "from": [7,8.5,3.5],
            "to": [9,9.5,4.5],
            "faces": {
                "up": { "texture": "#texture" },
                "down": { "texture": "#texture" },
                "west": { "texture": "#texture" },
                "east": { "texture": "#texture" },
                "north": { "texture": "#texture" },
                "south": { "texture": "#texture" }
            }
        },
        {
            "from": [5.5,1.5,9],
            "to": [10.5,3,10],
            "faces": {
                "up": { "texture": "#texture" },
                "down": { "texture": "#texture" },
                "west": { "texture": "#texture" },
                "east": { "texture": "#texture" },
                "north": { "texture": "#texture" },
                "south": { "texture": "#texture" }
            }
        },
        {
            "from": [6.5,1.5,10],
            "to": [9.5,8,11.5],
            "faces": {
                "up": { "texture": "#texture" },
                "down": { "texture": "#texture" },
                "west": { "texture": "#texture" },
                "east": { "texture": "#texture" },
                "north": { "texture": "#texture" },
                "south": { "texture": "#texture" }
            }
        },
        {
            "from": [5,2.5,10],
            "to": [11,6.5,11],
            "faces": {
                "up": { "texture": "#texture" },
                "down": { "texture": "#texture" },
                "west": { "texture": "#texture" },
                "east": { "texture": "#texture" },
                "north": { "texture": "#texture" },
                "south": { "texture": "#texture" }
            }
        },
        {
            "from": [6,3,11],
            "to": [10,6,12],
            "faces": {
                "up": { "texture": "#texture" },
                "down": { "texture": "#texture" },
                "west": { "texture": "#texture" },
                "east": { "texture": "#texture" },
                "north": { "texture": "#texture" },
                "south": { "texture": "#texture" }
            }
        },
        {
            "from": [5.5,6.5,10],
            "to": [10.5,8,11],
            "faces": {
                "up": { "texture": "#texture" },
                "down": { "texture": "#texture" },
                "west": { "texture": "#texture" },
                "east": { "texture": "#texture" },
                "north": { "texture": "#texture" },
                "south": { "texture": "#texture" }
            }
        },
        {
            "from": [6,7.5,11],
            "to": [10,9,12],
            "faces": {
                "up": { "texture": "#texture" },
                "down": { "texture": "#texture" },
                "west": { "texture": "#texture" },
                "east": { "texture": "#texture" },
                "north": { "texture": "#texture" },
                "south": { "texture": "#texture" }
            }
        },
        {
            "from": [7,8.5,11.5],
            "to": [9,9.5,12.5],
            "faces": {
                "up": { "texture": "#texture" },
                "down": { "texture": "#texture" },
                "west": { "texture": "#texture" },
                "east": { "texture": "#texture" },
                "north": { "texture": "#texture" },
                "south": { "texture": "#texture" }
            }
        },
        {
            "from": [7.5,0,7.5],
            "to": [9.5,1.5,9.5],
            "faces": {
                "up": { "texture": "#texture" },
                "down": { "texture": "#texture" },
                "west": { "texture": "#texture" },
                "east": { "texture": "#texture" },
                "north": { "texture": "#texture" },
                "south": { "texture": "#texture" }
            }
        }
    ]
}
